date,momentum_tickers,qv_tickers
1999-01-29,,
1999-02-26,,
1999-03-31,,
1999-04-30,,
1999-05-28,,
1999-06-30,,
1999-07-30,,
1999-08-31,,
1999-09-30,,
1999-10-29,,
1999-11-30,,
1999-12-31,,
2000-01-31,,
2000-02-29,QCOM;VRSN;BIIB;INCY;NTAP;LRCX;GLW;SWKS;ADI;ORCL;AAPL;TECH;GEN;AES;ADBE;TXN;AMAT;TRMB;KLAC;COO;CPRT;APH;AMGN;TER;MCHP;APA;INTU;MSI;ZBRA;CTSH;NVDA;EA;CSCO;LH;DGX;EXPD;RVTY;FCX;POOL;JBL;EBAY;PTC;AXP;REGN;WAT;C;JKHY;ROP;MS;MMC,
2000-03-31,QCOM;INCY;VRSN;NTAP;SWKS;REGN;ADI;BIIB;LRCX;GEN;ORCL;ADBE;AAPL;TXN;GLW;TER;TECH;CTSH;MCHP;VRTX;AMAT;KLAC;TRMB;RVTY;NVDA;CSCO;MSI;EA;ZBRA;APH;LH;CCI;AES;AMD;JBL;RMD;COO;INTC;HPQ;AMGN;CSGP;AMT;PTC;POOL;CPRT;WAT;TTWO;JKHY;INTU;CHRW,
2000-04-28,QCOM;ORCL;SWKS;NTAP;ADI;CTSH;GEN;REGN;VRSN;LRCX;INCY;AMD;ADBE;NVDA;AAPL;BIIB;TXN;GLW;KLAC;AMAT;TER;RMD;CSCO;TRMB;MU;RVTY;MCHP;APH;PWR;TECH;LH;AES;INTC;POOL;AMT;JBL;VRTX;MSI;HPQ;COO;ZBRA;APA;JKHY;CCI;EQT;DLTR;DVN;MS;DGX;DECK,
2000-05-31,ORCL;NTAP;AMD;NVDA;VRSN;CTSH;TER;QCOM;REGN;LRCX;INCY;ADI;ADBE;AMAT;APH;GLW;MU;GEN;TXN;SWKS;TRMB;VRTX;KLAC;TECH;RMD;AAPL;DGX;CSCO;LH;BIIB;JKHY;MCHP;PWR;COO;AMT;POOL;INTC;CPRT;AMGN;CCI;WAT;HPQ;BBY;JBL;AES;EQT;RVTY;CHRW;MDT;MS,
2000-06-30,NVDA;VRSN;NTAP;ORCL;AMD;CTSH;ADI;MU;LRCX;GLW;VRTX;TECH;TRMB;REGN;SWKS;ADBE;TER;BIIB;AMAT;TXN;GEN;FFIV;APH;QCOM;LH;KLAC;INCY;INTC;JKHY;DGX;MCHP;CSCO;PWR;AMGN;WAT;PAYX;RVTY;AAPL;AES;MS;DLTR;POOL;JBL;CPRT;AJG;DVN;AMT;ADSK;MGM;EQT,
2000-07-31,NVDA;NTAP;TECH;SBAC;AMD;ORCL;VRTX;MU;VRSN;TRMB;GLW;REGN;APH;ADI;DGX;ADBE;BIIB;INCY;LH;CTSH;JKHY;LRCX;AMAT;WAT;AMGN;AAPL;JBL;INTC;PWR;TER;PAYX;GEN;TXN;CSCO;SWKS;RVTY;MCHP;AJG;CCI;KLAC;IVZ;QCOM;MS;AMT;EOG;AES;HPQ;RMD;MTD;CDNS,
2000-08-31,NVDA;NTAP;VRSN;VRTX;ORCL;DGX;AMD;SBAC;TECH;GLW;LH;CTSH;REGN;TRMB;INCY;BIIB;ADI;ADBE;MU;PAYX;JBL;APH;WAT;RMD;PWR;MS;JKHY;CSCO;CDNS;IVZ;GEN;AMT;MCHP;AJG;AMAT;AES;CCI;RVTY;NTRS;FI;INTC;SBUX;GS;QCOM;AMGN;POOL;COO;AAPL;LLY;MMC,
2000-09-29,NTAP;NVDA;VRTX;GLW;REGN;ORCL;DGX;LH;SBAC;VRSN;TRMB;ADI;AMD;CTSH;TECH;INCY;PWR;JBL;APH;RVTY;JKHY;RMD;ADBE;IVZ;MS;WAT;AMAT;PAYX;BIIB;GS;UHS;MU;AES;NTRS;KLAC;CCI;CSCO;INTU;STT;MTD;CHRW;MCHP;POOL;HOLX;AJG;DLTR;AMGN;SWKS;C;DECK,
2000-10-31,NVDA;NTAP;VRTX;LH;DGX;INCY;GLW;SBAC;REGN;UHS;TECH;BIIB;VRSN;ADI;ORCL;ADBE;WAT;IVZ;RVTY;AMD;BLK;UNH;AES;CB;CTSH;AJG;PAYX;JKHY;COR;APH;EG;LEN;STT;NTRS;TMO;AMT;HIG;FI;MMC;JBL;MS;TRMB;BRO;RMD;EOG;VLO;GS;POOL;CNP;TRV,
2000-11-30,VRTX;SBAC;NTAP;LH;NVDA;INCY;BIIB;REGN;COR;DGX;JKHY;RVTY;WAT;GLW;BLK;TECH;IVZ;UHS;AJG;INTU;EG;ADBE;AMD;CB;ORCL;NVR;AES;APH;EOG;CAH;ADI;JBL;AMT;TMO;UNH;PAYX;WDC;LMT;BRO;LEN;HSIC;VLO;NTRS;DECK;PWR;WBA;LUV;POOL;MMC;GILD,
2000-12-29,VRTX;COR;LH;DGX;SBAC;UHS;REGN;BIIB;WAT;JKHY;EG;EOG;CB;BLK;AJG;RVTY;UNH;PAYX;CAH;NVDA;HSIC;TDY;EXC;PHM;NVR;LEN;LUV;PPL;DUK;TMO;ADBE;STT;SYK;GLW;GILD;NTRS;PWR;AES;BA;LMT;RMD;TECH;POOL;HUM;WRB;ESS;BRO;CI;CNP;SBUX,
2001-01-31,DGX;LH;EOG;VRTX;COR;EG;WAT;REGN;UHS;HSIC;CB;NVR;BLK;RVTY;WRB;DVA;JKHY;LEN;UNH;SBAC;BKR;MO;DHI;LUV;TDY;APA;EXC;RJF;PPL;AJG;CNP;CTRA;CAH;HUM;EQT;OKE;TMO;RMD;PHM;BIIB;VLO;DECK;IVZ;DVN;D;NI;ALL;BRO;KMX;NEE,
2001-02-28,LH;DVA;VRTX;DGX;KMX;NVDA;EOG;COR;NVR;REGN;VTR;HSIC;BLK;EG;LEN;MO;DHI;WRB;IVZ;CB;UNH;RJF;TDY;AJG;CAH;BRO;PHM;RMD;WAT;LUV;ADBE;LMT;PPL;CTRA;POOL;RVTY;TJX;OKE;UHS;L;NOC;EQT;RL;ROST;CNP;STE;ALL;BKR;TMO;JKHY,
2001-03-30,DVA;COR;LH;NVR;KMX;WRB;VTR;DGX;EG;MO;EOG;CAH;L;BRO;NI;PPL;CB;UNH;NOC;LMT;UHS;AJG;ALL;HIG;TRV;PHM;LEN;CNP;DHI;OKE;ETR;J;CVS;HUM;POOL;SYK;HSIC;CMS;MTB;STE;GL;D;PNC;BLK;AEP;WBA;FI;TJX;PGR;XEL,
2001-04-30,DVA;COR;LH;VTR;NVR;L;DGX;MO;HSIC;EG;PPL;KMX;CAH;CNP;UNH;WRB;ETR;PHM;NI;UHS;DHI;LEN;J;ALL;EXC;EOG;WM;CB;D;AJG;RSG;BLK;BRO;NVDA;LMT;OKE;DUK;PNW;SO;GL;CMS;NOC;AEP;POOL;XEL;WBA;WELL;BAX;EVRG;MTB,
2001-05-31,DVA;KMX;NVR;COR;VTR;HSIC;PPL;L;LEN;LH;MO;BRO;DHI;EA;DGX;J;EG;BIIB;STE;NVDA;UNH;PHM;CNP;WRB;PGR;MCK;ALL;CAH;ORLY;GILD;EVRG;NI;OKE;TJX;BA;CSX;SRE;FICO;EXC;EQT;MTB;SJM;ETR;MET;URI;DUK;RL;SYK;WM;D,
2001-06-29,KMX;DVA;NVR;VTR;PPL;BIIB;COR;J;RMD;HSIC;LEN;LH;MCK;MO;L;TTWO;DHI;STE;EG;WRB;GILD;RL;DGX;PHM;ORLY;NI;FICO;FCX;EA;CSX;BRO;MTB;CNP;BA;ALL;WELL;CAH;DRI;HUM;MET;EXC;BALL;DUK;ETR;LMT;ROL;YUM;SO;EXPD;SYK,
2001-07-31,KMX;VTR;DVA;NVR;PPL;STE;EG;WRB;DHI;L;LEN;FICO;HUM;HSIC;ORLY;ALL;PHM;LH;J;DGX;MO;RMD;RL;PGR;SWK;LOW;CPRT;COR;MCK;AZO;DRI;MTB;AME;TJX;CSX;SO;WELL;SRE;STZ;RF;BIIB;AEP;GL;GPC;PKG;ROP;BRO;GILD;MHK;EXC,
2001-08-31,KMX;NVR;DVA;VTR;STE;ORLY;TJX;AZO;DHI;BRO;CPRT;FICO;PGR;HSIC;PKG;TTWO;DRI;LEN;MO;SWK;LOW;STZ;CCL;GPC;EG;WRB;EFX;MTB;GL;PPL;ADSK;MCK;L;YUM;CSX;MHK;LH;WM;JBHT;CAT;RF;SNPS;COR;PHM;ROST;RMD;SO;AME;HAS;HRL,
2001-09-28,DVA;KMX;VTR;STE;NVR;AZO;ORLY;FICO;TJX;HSIC;ROST;COO;EFX;JBHT;PGR;COR;DHI;BRO;STZ;PKG;RMD;WRB;MHK;HRL;LEN;MTB;DRI;EG;J;WM;GL;LOW;BALL;GPC;ADM;MCK;MO;SWK;CCL;TYL;WELL;ETN;CPRT;MKC;SRE;HAS;TTWO;CHD;PSA;HUM,
2001-10-31,KMX;DVA;VTR;AZO;CPRT;ROST;ORLY;TSCO;HSIC;BALL;NVR;BRO;GPC;MHK;J;MO;PGR;SWK;TJX;RMD;WELL;STE;EG;WM;STZ;TYL;GWW;CSX;DHI;MKC;CHD;COR;ADM;COO;ETN;NUE;IFF;PKG;HRL;GD;MTB;PCAR;CAT;EFX;WRB;FE;^VIX;LOW;YUM;GL,
2001-11-30,KMX;VTR;TSCO;ROST;AZO;CPRT;MHK;IFF;RMD;YUM;BRO;BALL;NVR;FICO;ORLY;STZ;NEM;GPC;LOW;HAS;DVA;WELL;SWK;J;GWW;HOLX;PGR;WRB;SJM;HSIC;PSA;ADSK;TYL;DHI;ACGL;UDR;GEN;DOC;HRL;DRI;ADM;CSX;FE;TPR;CHD;COR;NVDA;SO;STE;ETN,
2001-12-31,KMX;TSCO;VTR;AZO;LOW;WSM;BBY;FICO;NVR;CPRT;GILD;MHK;DVA;HOLX;NVDA;BRO;EBAY;BSX;BALL;GPC;FCX;ROST;ORLY;GEN;HSIC;TYL;RMD;IFF;SWK;PSA;BKNG;DHI;BAC;UDR;WELL;J;EW;PGR;ACGL;LIN;ERIE;SNPS;ADSK;KLAC;STZ;VTRS;TJX;NUE;CSX;TTWO,
2002-01-31,KMX;BKNG;TSCO;TYL;NVDA;BBY;VTR;AZO;WDC;WSM;LOW;MHK;GEN;ROST;FICO;HOLX;IT;EBAY;MCHP;URI;ACGL;CPRT;NVR;BSX;WELL;KLAC;TTWO;PNR;HAS;LRCX;DRI;EW;MCO;TPR;AAPL;ROP;ADSK;BRO;BALL;ISRG;STZ;SWK;IFF;TJX;YUM;DHI;GPC;GILD;PSA;HRL,
2002-02-28,KMX;TSCO;AZO;NVDA;BKNG;TYL;BRO;PCG;NVR;GILD;CPRT;HOLX;LOW;DRI;GPN;VTR;MHK;DHI;BALL;FICO;ROST;WSM;ACGL;FFIV;EIX;WELL;YUM;LMT;BBY;PGR;TTWO;TPR;EW;ORLY;NUE;PSA;SWK;VTRS;LEN;JBHT;GWW;GEN;NSC;GPC;AOS;STZ;SO;J;HRL;IFF,
2002-03-28,KMX;TSCO;TYL;AZO;FFIV;GILD;NVR;BALL;HOLX;DRI;DHI;MHK;WSM;BKNG;BRO;GWW;VTR;NVDA;ORLY;STZ;BBY;GPN;ROST;LOW;ACGL;EFX;IFF;PGR;LEN;YUM;PHM;NEM;TTWO;WELL;PSA;PCAR;FICO;LMT;CHD;GEN;SWK;ERIE;TPR;PCG;JBHT;PNR;URI;SO;DGX;KLAC,
2002-04-30,TYL;HOLX;KMX;TSCO;FFIV;AZO;BKNG;GILD;BALL;MHK;GPN;BRO;BBY;NVR;DGX;PGR;JBHT;GEN;DLTR;TPR;IT;DHI;ROST;PNR;GWW;NEM;IFF;ACGL;VTR;PCG;BIIB;YUM;PCAR;URI;LH;LMT;WSM;STE;STZ;EFX;DRI;FICO;ORLY;COR;ERIE;ISRG;NSC;PSA;PG;JNJ,
2002-05-31,TSCO;TYL;HOLX;KMX;PCG;AZO;WSM;BALL;NVR;MHK;TPR;ACGL;STZ;EIX;ROST;GPN;TTWO;HUM;LMT;DLTR;ODFL;AOS;VTR;BSX;FFIV;DHI;PG;MCHP;NEM;PNR;DGX;BRO;GILD;JBHT;ERIE;MCK;PSA;FRT;PGR;DVA;ISRG;HBAN;POOL;CLX;MCO;K;LOW;IFF;WRB;SHW,
2002-06-28,TSCO;HOLX;AZO;MHK;PCG;AOS;WSM;TYL;ACGL;NVR;BALL;MCHP;ROST;BRO;KMX;DHI;EIX;LII;UNH;LMT;BSX;DLTR;VTR;HUM;STZ;SHW;ISRG;AME;WRB;MCO;K;NEM;LEN;GPN;ALB;FRT;TPR;LH;YUM;NOC;PG;DGX;PSA;MNST;COR;PGR;JBHT;EFX;NUE;STLD,
2002-07-31,TSCO;TYL;NVR;HOLX;AZO;LMT;BALL;AXON;WTW;LII;MHK;AOS;DHI;ROST;ACGL;BSX;TSN;WSM;JBHT;NOC;GEN;STZ;BRO;LEN;PNR;UNH;FRT;PG;MCO;FDX;ALB;DLTR;EIX;HUM;CAG;ODFL;ROK;GD;WRB;SHW;WELL;MDLZ;^VIX;FIS;VTR;LHX;O;TPR;PCG;SJM,
2002-08-30,TSCO;^VIX;LII;TYL;BALL;WTW;NVR;ACGL;HOLX;LMT;AOS;BSX;ROST;MCO;ALB;ODFL;AZO;NOC;FRT;DOC;STLD;NEM;STZ;SPG;PG;UNH;PSA;VTR;HUM;REG;ZBH;SO;WELL;GEN;CTSH;WRB;WDC;HSY;TAP;ERIE;CRL;SHW;SJM;CAG;YUM;CHD;MDLZ;FCX;O;PLD,
2002-09-30,TSCO;HOLX;BALL;AOS;NVR;^VIX;WTW;LMT;ACGL;LII;AZO;NOC;ALB;BSX;AMZN;HSIC;WSM;TPR;MCO;ZBH;ODFL;CTSH;BG;SJM;GEN;YUM;DRI;NEM;DOC;SO;FCX;TAP;REG;TTWO;UNH;DHI;SPG;STZ;BRO;WRB;APA;PHM;UDR;MDLZ;AVY;LEN;O;FRT;TSN;CAG,
2002-10-31,TTWO;TSCO;CTSH;AMZN;HOLX;TPR;NVR;AOS;ODFL;WDC;JBHT;BALL;WSM;MGM;BSX;ACGL;RCL;LII;AZO;TYL;LEN;APA;DVN;WTW;EA;ALB;YUM;ZBRA;GEN;MCO;SPG;FDX;LMT;SJM;UNH;BG;ZBH;NSC;SBUX;HSIC;FRT;REG;TAP;STE;INTU;IFF;IDXX;PLD;STLD;OXY,
2002-11-29,TSCO;AMZN;CTSH;NVR;TPR;JBHT;ODFL;TTWO;WDC;WSM;RCL;BSX;BALL;LEN;ELV;HSIC;LII;ROL;AZO;BG;GEN;ALB;AOS;PHM;EXPD;TAP;MGM;SBUX;ECL;HOLX;UNH;MTCH;AVY;IDXX;MCO;REG;ROST;CHD;TXT;ZBRA;ZBH;SYY;SPG;DVN;SO;DVA;AME;WTW;WFC;DHI,
2002-12-31,TSCO;CTSH;AMZN;TPR;TTWO;ODFL;WDC;NVR;ROST;JBHT;BSX;LII;AOS;ON;GRMN;BALL;LEN;ALB;RCL;STLD;WSM;HUBB;MHK;GEN;EXPD;DVN;AME;FRT;ECL;ROK;HOLX;O;APA;ACGL;COO;MGM;TYL;DE;DOC;REG;MCO;ZBRA;PFG;SPG;ROL;HBAN;RF;RSG;MTCH;INTU,
2003-01-31,TSCO;ODFL;BSX;CTSH;AMZN;TPR;NVR;HAL;CNC;NEM;AOS;BALL;LII;GRMN;TTWO;WSM;ROL;STE;AFL;ZBH;ROST;FRT;FCX;JBHT;ELV;PFG;O;LMT;REG;HOLX;GEN;ECL;SPG;DVN;HUBB;AME;WTW;ROK;IFF;ALB;UNH;BRO;HSIC;ETR;APA;K;IDXX;UDR;SO;WELL,
2003-02-28,ODFL;TSCO;BSX;CTSH;AMZN;GRMN;ROL;HAL;BG;NEM;CNC;TPR;NVR;BALL;^VIX;IDXX;FICO;APA;EBAY;STE;FCX;AFL;WDC;ZBH;SJM;DVN;LII;TPL;FRT;SO;EQT;ROK;GEN;ACGL;VTRS;UDR;AME;UNH;CTRA;OXY;ELV;WRB;REG;EOG;BAC;MMM;ETR;TAP;ECL;NEE,
2003-03-31,ODFL;CTSH;BSX;GRMN;ROL;TSCO;^VIX;TPR;AMZN;EBAY;IDXX;VTRS;BG;CNC;TRMB;WDC;BALL;STE;APA;HAL;FRT;TPL;ZBH;REG;AFL;ACGL;SPG;MCO;EXPD;ROK;O;LII;CTRA;INTU;UNH;UDR;EOG;ZBRA;FICO;J;SO;KIM;COO;ETR;EQT;NVR;AOS;ESS;PLD;OXY,
2003-04-30,ODFL;AMZN;BSX;ROL;CTSH;WDC;EBAY;TPR;VTRS;GRMN;^VIX;ZBH;TSCO;ACGL;CNC;FRT;COO;HAL;STE;IDXX;IRM;REG;BALL;FICO;TRMB;EXPD;ZBRA;SPG;UNH;O;J;GILD;SYK;MMM;KIM;ALGN;MCO;BG;TTWO;TPL;WRB;ETR;SO;ELV;ECL;AFL;APA;PHM;UDR;PFG,
2003-05-30,ODFL;ALGN;GRMN;ROL;AMZN;BSX;EBAY;VTRS;TPR;WDC;TSCO;TRMB;FICO;GILD;PCAR;IDXX;CNC;ZBH;BG;JBHT;TPL;VRSN;AMT;ORCL;EXPD;HAL;GEN;FRT;AMGN;PGR;REG;ACGL;SYK;KIM;AKAM;BALL;WRB;IRM;O;ZBRA;SPG;FDX;ECL;ESS;SNPS;CHRW;FFIV;CTSH;EW;CSCO,
2003-06-30,ODFL;WDC;ALGN;AMT;SBAC;GRMN;TPR;AMZN;CCI;AKAM;BSX;EBAY;TSCO;ORCL;NFLX;PCAR;VRSN;GLW;TRMB;RMD;ROL;VTRS;FICO;GILD;COO;JBHT;BG;FFIV;LEN;AMGN;MTCH;CNC;DECK;HAL;CSGP;GEN;FRT;NTAP;WRB;ZBRA;APA;IRM;KIM;EW;ACGL;REG;SYK;ZBH;AES;ETR,
2003-07-31,ALGN;AKAM;AMT;WDC;AMZN;VRSN;PWR;SBAC;CCI;FFIV;ODFL;BSX;GLW;GILD;TPR;GRMN;MTCH;EBAY;AMGN;VTRS;FDS;BKNG;OMC;PCAR;AES;FICO;ZBRA;TRMB;NTAP;CSGP;NFLX;COO;HAL;DECK;WMB;KMX;TTWO;EW;CTSH;ROL;QCOM;CNC;JCI;HPQ;NVDA;WRB;RVTY;EG;BG;RMD,
2003-08-29,GLW;ALGN;CCI;AMT;AXON;AKAM;PWR;ODFL;AES;AMZN;BKNG;SWKS;SBAC;TPR;BSX;WDC;XEL;GILD;PCG;PCAR;KMX;VRSN;NTAP;TRMB;NFLX;RVTY;NVDA;ADBE;MTCH;GRMN;FDS;EBAY;DECK;JBHT;TSCO;HAL;FCX;LRCX;ADI;CNC;COO;VTRS;FICO;CAT;WMB;CSCO;COF;AMGN;HPQ;CTSH,
2003-09-30,CCI;AKAM;AMT;GLW;AXON;ALGN;PWR;ODFL;AMZN;RVTY;WMB;WDC;BKNG;SWKS;NFLX;PCAR;BBY;ON;KMX;NTAP;TPR;SBAC;AES;LRCX;JBHT;TSCO;VRSN;GILD;BSX;FDS;GRMN;GEN;PCG;DECK;ADBE;TRMB;EBAY;EQIX;CTSH;FCX;A;RCL;NVDA;KLAC;COO;INTC;ADI;CMI;CAT;MTCH,
2003-10-31,AMT;AXON;GLW;AKAM;NFLX;CCI;ALGN;WMB;SBAC;PWR;ON;AES;BKNG;NTAP;AMD;AMZN;RVTY;DECK;LRCX;WDC;VRSN;TRMB;FCX;FFIV;URI;BBY;JBHT;TPR;TSCO;GRMN;PCAR;ODFL;PCG;KMX;GEN;EBAY;TER;CTSH;INTC;CMI;CSCO;JPM;JKHY;KLAC;EQIX;ADI;CAT;SWKS;DHI;FDS,
2003-11-28,AXON;SBAC;AMT;ALGN;AKAM;AES;WMB;NFLX;GLW;CCI;DECK;ON;FCX;AMZN;URI;RVTY;NTAP;BBY;FFIV;PWR;CSGP;GRMN;TPR;AMD;TRMB;LRCX;WDC;PCG;HAS;TSCO;BKNG;DHI;ODFL;EQIX;CMI;CTSH;VRSN;EIX;EVRG;INTC;PHM;JKHY;CSCO;COF;TYL;POOL;ROK;KMX;JBHT;PCAR,
2003-12-31,AXON;AKAM;ALGN;DECK;NFLX;SBAC;WMB;AES;FCX;CCI;ON;AMT;EQIX;DHI;CSGP;HUM;TPR;GLW;AMZN;GRMN;TRMB;NEM;PHM;BBY;LEN;PWR;MNST;TYL;LRCX;AMD;TSCO;WYNN;CTSH;EIX;ODFL;PCG;RVTY;URI;BKNG;JBHT;ZBH;FFIV;EVRG;VTR;KMX;POOL;PCAR;VTRS;HAS;XEL,
2004-01-30,AXON;SBAC;AKAM;DECK;ALGN;NFLX;EQIX;ON;WMB;GLW;AES;AMT;LRCX;TRMB;CCI;AMZN;FCX;DHI;FFIV;TYL;AMD;TPR;HUM;CSGP;BBY;EVRG;WYNN;RCL;RVTY;PWR;TSCO;COF;INTC;VTR;LEN;NTAP;VRSN;NVDA;PCG;MNST;TXN;PHM;TER;EA;ADI;STLD;EBAY;PCAR;CTSH;COO,
2004-02-27,AXON;EQIX;AKAM;SBAC;ALGN;NFLX;ON;DECK;CCI;WMB;GLW;CTSH;RCL;AES;PWR;RVTY;AMD;FFIV;TYL;TER;BKNG;HUM;VTR;TRMB;AMZN;COF;MNST;DHI;TPR;TSCO;URI;AMT;A;WYNN;NVDA;TROW;MSI;CMI;LRCX;VRSN;KMX;PCG;COO;CSGP;BBY;BSX;JBHT;FCX;ADI;INCY,
2004-03-31,AXON;AKAM;EQIX;SBAC;ON;DECK;ALGN;NFLX;RCL;MNST;CCI;DHI;INCY;AMD;BKNG;RVTY;HOLX;WYNN;AES;A;TSCO;PWR;COF;TYL;GLW;CPRT;FCX;WMB;FFIV;TPR;KMX;AMT;HUM;CMI;VTR;PHM;VRSN;MSI;LEN;MCD;JBHT;PCG;TROW;DVA;CME;TER;CMS;NTAP;PTC;MU,
2004-04-30,AXON;EQIX;AKAM;ON;DECK;MNST;NFLX;ALGN;RCL;CPRT;FFIV;INCY;TYL;BKNG;DHI;SBAC;VTR;AMD;CMI;GEN;RVTY;COF;WYNN;HOLX;TSN;FCX;DVA;TSCO;A;AES;LRCX;JCI;CCI;MSI;PCG;LEN;CME;PHM;CTSH;TPR;WMB;STLD;MCD;REGN;BSX;JBHT;AMT;HUM;PWR;MO,
2004-05-28,AXON;EQIX;AKAM;DECK;MNST;ON;CTSH;SBAC;DVA;TYL;MSI;WYNN;INCY;CCI;CPRT;CMI;NFLX;HOLX;RCL;ALGN;ADSK;CME;GEN;GLW;STLD;TPR;REGN;TSN;QCOM;AMD;MO;RVTY;COO;TXT;BSX;POOL;DHI;FFIV;PCG;TSCO;SWK;JBHT;WAT;AMT;VTR;CSGP;CRL;AAPL;BIIB;LEN,
2004-06-30,AXON;MNST;AKAM;DECK;EQIX;NFLX;CPRT;ADSK;CTSH;MSI;AMD;TSN;WYNN;ON;QCOM;GEN;CME;ZBH;TYL;POOL;DVA;IDXX;STLD;FFIV;RCL;VLO;ALGN;EBAY;JBHT;BSX;HOLX;CCI;JCI;TPR;CMI;NDSN;VTR;TSCO;SBUX;GLW;PCG;IT;COO;WAT;ZBRA;BIIB;PNR;CNC;DHI;PHM,
2004-07-30,AXON;MNST;DECK;EQIX;AKAM;NFLX;CPRT;ADSK;AMD;WYNN;VLO;STLD;POOL;TYL;JBHT;ODFL;QCOM;CME;MSI;CTSH;RCL;TSN;GEN;MOS;ZBH;CCI;IDXX;TPR;TRMB;NDSN;CMI;PNR;SBUX;BIIB;HOLX;WST;ZBRA;JCI;COO;TSCO;ON;AMT;EBAY;AAPL;GLW;DVA;SWK;AME;IT;ETN,
2004-08-31,AXON;MNST;AKAM;DECK;ADSK;CPRT;WYNN;EQIX;STLD;VLO;MOS;QCOM;GEN;WMB;PHM;NDSN;CME;CTRA;TYL;COO;CTSH;BIIB;TSN;NUE;MSI;JCI;SBUX;VTR;EIX;EOG;TPL;JBHT;ZBRA;AMD;ZBH;FAST;POOL;BA;PNR;AES;ETN;OXY;COP;DHI;SWK;AME;NFLX;BALL;TDY;DVA,
2004-09-30,AXON;MNST;DECK;AKAM;ADSK;WYNN;CPRT;MOS;STLD;CME;QCOM;PHM;TPL;INCY;VLO;BIIB;GEN;EQIX;ISRG;VTR;ZBRA;BLK;TDY;COO;EBAY;PNR;AAPL;SBAC;POOL;DHI;MSI;NUE;OXY;FAST;CTRA;CTSH;JCI;SBUX;AES;TRMB;NSC;TSN;BRO;ROK;EIX;DVA;LHX;TPR;CI;DGX,
2004-10-29,AXON;MNST;AKAM;DECK;ADSK;WYNN;MOS;STLD;CME;SBAC;VLO;INCY;TRMB;NUE;TPL;QCOM;BIIB;AAPL;PNR;CSGP;EQIX;PHM;GEN;ZBRA;CTRA;EBAY;CMI;COO;CPRT;TXT;NSC;TDY;CTSH;EOG;SBUX;CI;OXY;FFIV;LHX;WAT;CCI;MSI;PTC;COP;VTR;RCL;VRSN;AMT;CVX;LH,
2004-11-30,MNST;AXON;DECK;ADSK;WYNN;CME;AAPL;MOS;SBAC;VLO;EQIX;ISRG;INCY;PNR;BG;STLD;TPL;AKAM;EBAY;GEN;NSC;PTC;QCOM;SBUX;VRSN;CTRA;BIIB;TDY;LHX;OXY;COO;EOG;HAL;RCL;FFIV;NUE;DVN;EIX;JBHT;CNC;BKR;CPRT;TRMB;EMN;EXPD;CVX;IEX;AVB;CTSH;COP,
2004-12-31,AXON;MNST;CME;AAPL;SBAC;ADSK;MOS;DECK;WYNN;ISRG;CPRT;VRSN;EBAY;GEN;VLO;QCOM;NUE;BG;MOH;STLD;PNR;SBUX;FFIV;TDY;TPL;CMI;LHX;CNC;HAL;RCL;NSC;L;MGM;EOG;CTRA;NRG;AMT;HOLX;BIIB;WMB;PTC;TRMB;BALL;CTSH;CCL;INCY;JBHT;ADM;AVB;DVN,
2005-01-31,AXON;MNST;CME;ADSK;AAPL;SBAC;TPL;WYNN;ISRG;DECK;VRSN;CNC;VLO;FFIV;PNR;MGM;NUE;SBUX;CTSH;MOH;BIIB;EBAY;BG;CMI;AMT;WMB;JBHT;STLD;NVR;AVB;NRG;MOS;LHX;NTAP;ADBE;HOLX;CPRT;RCL;QCOM;TDY;EOG;NSC;FDS;ELV;HAL;ODFL;EIX;DVA;EMN;EQIX,
2005-02-28,MNST;AAPL;CME;TPL;ADSK;ISRG;WYNN;NUE;CNC;HOLX;SBAC;PNR;VLO;MOH;NVR;MGM;ROK;DECK;NRG;STLD;ODFL;AMT;WMB;EOG;BG;JBHT;TPR;AXON;COO;HSY;DVA;NSC;ADBE;TDY;PHM;CMI;STZ;ADM;CTRA;WST;EIX;EXPD;AME;SBUX;ELV;UNH;DRI;HUM;VRSN;AES,
2005-03-31,MNST;AAPL;ISRG;VLO;TPL;CNC;CME;CTSH;SBAC;ADSK;ROK;WMB;EOG;WYNN;NRG;AES;HOLX;NUE;CTRA;STZ;NVR;MGM;COO;JBHT;STLD;NSC;ADBE;CI;DVN;VRSN;ODFL;FFIV;COP;OXY;TRMB;AMT;AME;HUM;HSY;TDY;PNR;XOM;EQIX;UNH;APA;EXPD;MAR;DECK;LHX;IEX,
2005-04-29,MNST;AAPL;ISRG;VLO;TPL;SBAC;EOG;CTSH;WMB;CNC;AES;NUE;ADSK;CME;WYNN;CTRA;NVR;DVN;HUM;ADBE;NSC;VRSN;ROK;STZ;TDY;OXY;COP;AMT;HOLX;AME;MOH;NRG;MAR;JBHT;MGM;CI;ADM;HAL;XOM;EIX;UNH;FFIV;HSY;CVS;TRMB;APA;BA;WAB;CMS;TXT,
2005-05-31,MNST;AAPL;TPL;ISRG;VLO;HUM;SBAC;EOG;NDAQ;CTSH;ADSK;AES;HOLX;NUE;CNC;WMB;CME;FFIV;VRSN;STZ;EIX;WDC;TDY;NVR;CMS;UNH;BG;EXC;COP;MGM;DVN;AVB;OXY;FRT;ROK;PHM;REG;OKE;PWR;BXP;HSY;ELV;HAL;AME;NTAP;PSA;DUK;STX;SPG;ROP,
2005-06-30,MNST;ISRG;SBAC;TPL;AAPL;NDAQ;HUM;VLO;CTSH;ADSK;EOG;CME;HOLX;VRSN;CNC;STX;PWR;OXY;NVR;MGM;NUE;NRG;TDY;WDC;FFIV;DHI;BG;WMB;CMS;EIX;AES;DVN;UNH;ELV;BEN;ROK;HAL;EXC;NTAP;COP;PHM;DRI;GPN;OKE;STZ;WST;REG;VRTX;DVA;HSY,
2005-07-29,MNST;SBAC;NDAQ;TPL;ISRG;HUM;CBRE;AAPL;VLO;CME;CTSH;EOG;FFIV;DHI;CNC;HOLX;MGM;CMS;UNH;AES;NVR;BG;EIX;PHM;PEG;TDY;ADSK;EXC;OXY;DRI;BEN;HAL;STZ;MLM;WMB;CI;ELV;VRTX;WDC;OKE;DUK;COP;DVN;NRG;GPN;LKQ;VRSN;DVA;SPG;AVB,
2005-08-31,MNST;NDAQ;ISRG;SBAC;AAPL;CBRE;CME;HUM;VLO;HOLX;TPL;WDC;MGM;EOG;CRM;HAL;DHI;CI;CTSH;NVR;WMB;NVDA;TPR;ELV;ADSK;DPZ;VRTX;CMS;BEN;LKQ;PWR;AMD;STX;OXY;UNH;AES;COP;DVA;CCI;DVN;PHM;PEG;BBY;MLM;GLW;TDY;AMT;ORLY;DRI;OKE,
2005-09-30,NDAQ;MNST;VLO;SBAC;GOOG;GOOGL;ISRG;AAPL;HUM;CBRE;HOLX;NVDA;EOG;CME;HAL;TPL;MGM;WMB;GLW;ON;ADSK;DVN;COP;ELV;PWR;AMD;VRTX;CCI;NVR;EIX;WDC;CI;LKQ;CTSH;CMS;TXN;FFIV;OXY;PEG;AMT;MLM;CTRA;CAT;DHI;DPZ;HPQ;LHX;J;CNC;APA,
2005-10-31,MNST;NDAQ;HOLX;VLO;AAPL;ISRG;HUM;GOOG;GOOGL;EOG;NVDA;SBAC;VRTX;PWR;WMB;CBRE;HAL;CME;DVN;EIX;MCK;AMD;LII;ADSK;CMS;J;MLM;ELV;NRG;CTRA;MGM;TPL;RMD;LKQ;COP;GLW;CI;NVR;GRMN;MO;CCI;AMT;AES;DHI;SCHW;L;PEG;UNH;NFLX;DPZ,
2005-11-30,NDAQ;MNST;ISRG;HOLX;NFLX;VLO;HUM;NVDA;VRTX;AAPL;EOG;CME;GOOG;GOOGL;LKQ;CBRE;ELV;LII;CI;WMB;HAL;DLR;GLW;AON;MCK;ADSK;PWR;CTRA;CCI;DVN;UNH;SBAC;DVA;MLM;COP;SCHW;TPL;RMD;MO;REGN;GPN;J;PRU;WRB;L;PEG;BEN;FCX;HPQ;TECH,
2005-12-30,NDAQ;MNST;ISRG;HOLX;NFLX;VLO;VRTX;GOOGL;GOOG;AAPL;EOG;CRM;SBAC;DLR;NVDA;CBRE;PWR;HUM;LKQ;CME;GLW;AON;HAL;MCK;LII;AKAM;RMD;SLB;GPN;DVN;TSCO;TPL;DVA;WRB;CCI;CI;PHM;MLM;FCX;ON;CHRW;PRU;PEG;GILD;EIX;UNH;A;COP;AMT;TECH,
2006-01-31,MNST;NDAQ;ISRG;HOLX;VRTX;VLO;AAPL;NFLX;GOOGL;GOOG;EOG;SBAC;CRM;HUM;DLR;CBRE;REGN;LKQ;WDC;GLW;MCK;PWR;CME;CCI;DVN;MPWR;GPN;HAL;NVDA;AON;CTRA;AKAM;WRB;GILD;RMD;FCX;AMT;SLB;JBL;MLM;BF-B;TECH;WMB;BKR;AIZ;BLK;TSCO;ORLY;J;MCO,
2006-02-28,NDAQ;MNST;ISRG;VRTX;CRM;HOLX;LKQ;AMD;VLO;NFLX;SBAC;GLW;EOG;MPWR;GOOG;GOOGL;REGN;WDC;ON;AAPL;HAL;NVDA;SLB;DLR;CME;CBRE;PWR;FCX;CCI;BKR;GILD;GPN;LRCX;URI;AKAM;JBL;WAB;TECH;BLK;AON;DVN;HUM;OXY;J;LII;CTRA;AOS;HPQ;MLM;AMT,
2006-03-31,MNST;VRTX;NDAQ;REGN;HOLX;MPWR;NFLX;SBAC;AKAM;GLW;CRM;CME;AMD;LKQ;GOOG;GOOGL;CBRE;DLR;ISRG;WDC;CCI;GPN;PWR;BLK;WAB;AOS;NVDA;MLM;WRB;GILD;CHRW;AON;URI;AMT;HAL;AAPL;HPQ;SLB;MCO;TECH;VLO;ON;SCHW;J;STX;CAT;BBY;EOG;BXP;DPZ,
2006-04-28,MNST;VRTX;NDAQ;HOLX;REGN;NFLX;ISRG;SBAC;CRM;GLW;NVDA;AKAM;CBRE;CME;GOOG;GOOGL;MPWR;AMD;PWR;DLR;LKQ;CHRW;MLM;NUE;BLK;AOS;AON;SLB;ON;MCO;WRB;CCI;HAL;FAST;GILD;GRMN;BXP;J;A;STLD;SCHW;COR;AVB;VLO;HUM;FCX;AMT;FRT;MAA;URI,
2006-05-31,MNST;VRTX;SBAC;AKAM;ISRG;NVDA;MPWR;NFLX;HOLX;DXCM;STLD;CRM;CME;REGN;CBRE;NDAQ;NUE;ADM;AMD;GRMN;SLB;CCI;PWR;ON;AMT;AON;GLW;DLR;VLO;AAPL;BLK;FCX;IVZ;IT;BKR;MLM;URI;HAL;TYL;LRCX;A;DECK;LKQ;WAB;EXPD;CHRW;TKO;CAT;GOOGL;GOOG,
2006-06-30,MNST;VRTX;ISRG;STLD;AKAM;GRMN;SBAC;ADM;HOLX;CBRE;REGN;NUE;MPWR;EXPD;CME;SLB;BKR;NFLX;CCI;TKO;LVS;HAL;VLO;PWR;BLK;AMD;WAB;NDAQ;DLR;AMT;IVZ;NVDA;URI;NSC;TYL;NDSN;FCX;CSX;LKQ;RJF;CHRW;DECK;GS;CMI;EQIX;DXCM;GLW;CAT;IT;ODFL,
2006-07-31,MNST;AKAM;STLD;GRMN;HOLX;ISRG;NUE;EXPD;VRTX;LVS;ODFL;PWR;ADM;SBAC;CHRW;AOS;BLK;WAB;NSC;SLB;CBRE;CCI;VLO;CME;CSX;CMI;NFLX;RJF;LRCX;BKR;NVDA;CAT;NDAQ;FCX;URI;IVZ;DECK;HAL;TKO;AAPL;WYNN;REGN;ROK;DLR;GS;TYL;AMT;WDC;MU;SBUX,
2006-08-31,MNST;AKAM;VRTX;ADM;NUE;HOLX;NVDA;STLD;SBAC;GRMN;PWR;AAPL;LVS;CCI;AOS;EXPD;URI;CHRW;VLO;SLB;DECK;TYL;BLK;CME;DLR;ODFL;AMT;GLD;RJF;CBRE;MOH;BRO;IT;CPT;FCX;LRCX;WST;IDXX;CTSH;J;MRK;CMI;LKQ;WRB;TKO;REGN;BXP;NDSN;CSX;ALB,
2006-09-29,AKAM;MNST;REGN;LVS;NVDA;VRTX;ADM;HOLX;NUE;CRM;DECK;SBAC;STLD;DLR;GRMN;WYNN;TYL;BLK;IVZ;CME;BKNG;CPT;ALB;CTSH;BXP;AMT;MRK;CHRW;ODFL;WRB;AVB;EQIX;PWR;FCX;ESS;GILD;MU;AOS;AAPL;TKO;NTAP;EXPD;IDXX;GLD;SLB;WST;TROW;CBRE;MAA;TMO,
2006-10-31,AKAM;MNST;LVS;DECK;BKNG;DLR;IVZ;NUE;ALGN;BLK;REGN;MRK;NVDA;CTSH;NTAP;APH;SBAC;EXPD;TYL;CRM;ADM;WYNN;STLD;BXP;IT;INTU;HOLX;TROW;T;JPM;LRCX;AVB;ALB;DRI;AMT;ORCL;GS;LMT;MOH;STX;CSX;DLTR;CPT;CBRE;AIZ;EQIX;SLB;CCI;KIM;AOS,
2006-11-30,DECK;AKAM;MNST;LVS;BKNG;NVDA;STLD;NUE;ALGN;IVZ;ALB;EQIX;DLR;SBAC;WST;MOH;CBRE;CTSH;VRTX;MRK;HOLX;REGN;APH;TYL;GRMN;BXP;KMX;BLK;KIM;IT;PWR;STX;CSX;WYNN;TRMB;AVB;OKE;UDR;ESS;LNT;T;WDC;ADM;CPT;INTU;LKQ;LMT;CRM;CF;GS,
2006-12-29,ICE;AKAM;DECK;LVS;NVDA;WST;REGN;ALB;EQIX;STLD;ALGN;GRMN;NUE;CBRE;VRTX;DLR;KMX;WYNN;CTSH;TYL;BKNG;APH;OKE;BXP;IVZ;MOS;UDR;MRK;ES;SBAC;CSCO;CMCSA;KIM;GS;CME;LMT;ORCL;ADM;AVB;CSX;ESS;AES;CF;IFF;CTRA;TRMB;DOC;RL;SHW;HST,
2007-01-31,ICE;AKAM;LVS;ALGN;DECK;WST;NVDA;KMX;BKNG;ALB;EQIX;STLD;WYNN;GRMN;LYV;MNST;CBRE;NUE;CF;OKE;BXP;IVZ;CMCSA;TYL;CSCO;MGM;GS;T;DLR;SBAC;IT;CTSH;DOC;TPL;AVB;IFF;ES;TMO;LMT;PWR;MOS;PSA;PCAR;MS;ESS;HPQ;FRT;KIM;DIS;NTAP,
2007-02-28,ICE;AKAM;LVS;ALGN;BKNG;KMX;DECK;WYNN;CF;ALB;MGM;STLD;EQIX;CBRE;BXP;CTSH;TPL;MNST;OKE;TYL;WST;IT;DOC;VTR;NUE;GRMN;CMCSA;T;AVB;PSA;GS;PWR;LMT;ESS;KIM;FDS;IFF;FRT;SBAC;INCY;VMC;ES;LYV;TMO;CME;DLR;RL;TRMB;CMG;DIS,
2007-03-30,ICE;BKNG;CF;ALGN;ALB;MGM;DECK;AKAM;TPL;^VIX;PWR;KMX;LVS;STLD;MOS;NRG;ES;EQIX;FDS;PCAR;GRMN;WYNN;VTR;BXP;VMC;CTSH;SHW;NEE;IT;DLR;HAS;MNST;CTRA;RL;OKE;CNP;MTD;DOC;KIM;NUE;CMCSA;WST;MAR;DE;BG;GS;T;ON;CHD;ETR,
2007-04-30,CF;BKNG;ALB;MOS;ICE;DECK;TPL;ALGN;IT;ES;MGM;PCAR;NRG;AKAM;PWR;LVS;NEE;ETR;T;CNP;STLD;BG;AAPL;SYK;MTD;DLR;CMCSA;CTSH;AEP;RL;TDG;EQIX;LNT;TSN;OKE;TPR;FDS;MAR;PPL;SRE;XEL;KR;TAP;DE;CMI;BAX;HAS;IFF;WST;MKTX,
2007-05-31,ALGN;BKNG;CF;REGN;MOS;ICE;INCY;DECK;PCAR;ALB;IT;AMZN;ETR;CMI;CNP;NEE;NRG;HAS;PWR;ES;TPL;PPL;AEP;T;BAX;DLR;MRK;OKE;MGM;ON;MTD;WYNN;DLTR;BEN;CMG;CTRA;TDG;MKTX;TPR;EQT;RL;MCD;SYK;KR;SRE;EXC;SJM;SPG;CHD;PEG,
2007-06-29,MA;ALGN;CF;ICE;DECK;MOS;AMZN;AAPL;BKNG;MGM;PWR;CI;ON;HAS;NRG;REGN;PCAR;TPR;CTRA;IT;MLM;ALB;CMI;RL;EXPE;INCY;STLD;WBD;FFIV;DLR;OKE;T;NEE;ETR;MKTX;CRM;CNP;MRK;DLTR;PPL;EQT;VMC;KR;MCD;ES;ADBE;BAX;GS;TPL;SYK,
2007-07-31,CF;MA;ALGN;DECK;ICE;MOS;BKNG;AAPL;MGM;TPL;NVDA;ON;EXPE;PWR;MLM;HAS;RL;AXON;TTWO;AMZN;NRG;CMI;EQIX;BG;PTC;IT;PCAR;DLTR;CI;ALB;DLR;TDG;FCX;CTRA;T;TPR;MKTX;BAX;ETR;CRM;TSN;MTD;MCD;PPL;BEN;OKE;WBD;EQT;MPWR;FDS,
2007-08-31,ALGN;CF;AMZN;MA;MOS;ICE;BKNG;DECK;GRMN;ISRG;CMI;EXPE;MGM;TPL;MPWR;AXON;AAPL;ON;CMG;FFIV;NVDA;UAL;SWKS;^VIX;WBD;BG;MKTX;CSCO;EQIX;VRSN;DE;TDG;TRMB;WYNN;NRG;FCX;RVTY;CRM;PWR;TPR;PCAR;MLM;CSX;RL;ETN;MTD;HON;LII;WAT;HAS,
2007-09-28,CF;ALGN;AMZN;MOS;MA;MGM;ISRG;BKNG;GRMN;ICE;DECK;MPWR;AAPL;^VIX;CMG;CMI;ON;UAL;EXPE;AXON;MKTX;DE;WBD;TDG;NVDA;WYNN;BG;STLD;TPL;MLM;SWKS;VRSN;PCAR;URI;FCX;PWR;MTD;NRG;RVTY;SLB;J;EQIX;MNST;LII;HON;ALB;LKQ;BIIB;ACN;CSCO,
2007-10-31,CF;AMZN;MOS;MPWR;CMG;BKNG;ALGN;DECK;ISRG;WYNN;MGM;MA;CMI;AXON;EXPE;ON;AAPL;J;FCX;ICE;GRMN;WBD;TDG;LVS;MNST;NRG;NVDA;STLD;BG;INCY;DE;SLB;TRMB;UAL;SWKS;LKQ;MLM;PWR;VRSN;ALB;TPL;PCAR;MKTX;MTD;EQIX;AME;CTRA;RVTY;LII;EQT,
2007-11-30,CF;MOS;ISRG;MA;DECK;AAPL;AMZN;BKNG;CMG;WYNN;J;MPWR;^VIX;MGM;MNST;ICE;EXPE;CMI;FCX;GRMN;WBD;TDG;NRG;DE;TRMB;PWR;STLD;AXON;INCY;EQIX;LKQ;LVS;BG;PEG;ON;TAP;VRSN;SLB;MTD;BIIB;APA;NVDA;TXT;WAT;TPL;AME;PPL;CTRA;WMB;GOOGL,
2007-12-31,FSLR;CF;MOS;ISRG;BKNG;DECK;CMG;AMZN;GRMN;^VIX;MA;J;AAPL;CMI;TDG;MPWR;DE;EXPE;ICE;LKQ;VRSN;FCX;AXON;INCY;BG;WBD;MGM;MNST;WAT;STLD;TRMB;TAP;ON;CRL;PWR;WYNN;LHX;HUM;MTD;PEG;NRG;TXT;PH;CRM;PPL;APD;NTRS;AFL;BIIB;AON,
2008-01-31,FSLR;MOS;CF;ISRG;BKNG;CMG;DECK;AMZN;J;AAPL;MA;CMI;^VIX;MPWR;DE;FCX;AXON;LKQ;STLD;ICE;INCY;TDG;BG;APA;GRMN;CRM;OXY;SLB;WAT;NDAQ;VRSN;WBD;NRG;CRL;LIN;PEG;GOOG;GOOGL;EOG;IDXX;PPL;EXPE;AME;TXT;BLK;ADM;HOLX;APH;MGM;MTD,
2008-02-29,FSLR;MOS;CF;ISRG;BKNG;^VIX;DECK;AMZN;CMG;MA;DE;J;LKQ;INCY;AAPL;FCX;BG;OXY;AXON;PEG;CMI;GRMN;HUM;GILD;VRSN;GLD;PPL;WBD;ADM;CPRT;CRL;NDAQ;TDY;WDC;STLD;BLK;CSX;HON;APA;IDXX;EQT;AFL;LIN;EXC;TDG;NRG;AME;MPWR;EOG;KO,
2008-03-31,MOS;FSLR;CF;ISRG;BKNG;LKQ;FCX;MA;EOG;J;OXY;APA;^VIX;AMZN;DECK;CMG;WDC;DE;DVN;STLD;INCY;TTWO;CMI;EQT;CTRA;GLD;AAPL;AXON;NDAQ;VRSN;CPRT;WBD;BG;NFLX;SLB;WMB;AFL;CRM;GILD;CSX;LIN;ADM;CVX;BRK-B;BIIB;TAP;CVS;IDXX;KO;MPWR,
2008-04-30,FSLR;MOS;ISRG;CF;BKNG;MA;LKQ;AMZN;CMG;APA;EOG;J;WDC;INCY;DECK;^VIX;STLD;AAPL;NFLX;DE;CTRA;OXY;FCX;DVN;BLK;CSX;MPWR;CRM;CPRT;BIIB;AFL;NDAQ;LIN;FAST;CMI;VRSN;GILD;YUM;GLD;APD;AME;SWKS;CRL;STT;MCD;TDY;NKE;SLB;UNP;TJX,
2008-05-30,FSLR;MOS;CF;MA;BKNG;ISRG;LKQ;DECK;AAPL;MPWR;APA;J;WDC;EOG;CRM;OXY;FCX;STLD;DE;DVN;CSX;CTRA;BG;CMI;BLK;^VIX;HAL;NFLX;CPRT;INCY;LIN;VRSN;COST;AME;SLB;APH;NDSN;TDY;AFL;UNP;JBHT;PH;APD;BIIB;AMZN;CMG;NKE;TTWO;SWKS;COP,
2008-06-30,FSLR;MOS;CF;BKNG;MA;ISRG;WDC;LKQ;APA;OXY;EOG;J;CTRA;AAPL;^VIX;BG;DVN;CMI;DECK;CSX;CRM;STLD;FCX;BLK;NFLX;MPWR;CPRT;NDSN;TRMB;EQT;LIN;DE;SWKS;HAL;UNP;AME;GLD;GILD;APH;APD;VRSN;SLB;TTWO;TAP;TECH;INCY;AFL;COST;TYL;CVX,
2008-07-31,MOS;FSLR;CF;CTRA;ISRG;^VIX;EOG;WDC;CRM;APA;MA;BKNG;STLD;HAL;OXY;DVN;LKQ;GLD;TECH;NFLX;EQT;NDSN;CPRT;AAPL;DECK;GILD;NEM;MPWR;J;FCX;SWKS;FE;LIN;APH;CSX;EW;CRL;INCY;TTWO;UNP;EXC;COST;AFL;VRTX;WMB;APD;NEE;ROST;WMT;SLB,
2008-08-29,MOS;CF;FSLR;INCY;BKNG;NFLX;MA;REGN;CRM;CPRT;NDSN;WELL;STLD;GILD;ISRG;APA;OXY;BLK;VTR;DOC;LKQ;TECH;EOG;TDY;HAS;WAB;TTWO;CSX;GLD;UNP;NSC;EW;QCOM;JBHT;WDC;APH;ROST;CTRA;HAL;BAX;DLR;CRL;MCD;STE;TYL;WMT;MPWR;NTRS;TAP;TJX,
2008-09-30,FSLR;MOS;CF;NFLX;MA;INCY;WAB;CSX;TTWO;CPRT;UNP;ROST;BLK;EOG;CHD;NSC;WMT;APA;GILD;HAS;WELL;CRM;OXY;MCD;STE;NTRS;ISRG;QCOM;APH;BAX;JBHT;DVN;CRL;TDY;WST;DOC;AMGN;HAL;MMC;VTR;DECK;GIS;PSA;SCHW;MPWR;CTRA;GPN;TECH;DLR;ODFL,
2008-10-31,^VIX;NFLX;WMT;CHD;ROST;GIS;FSLR;WAB;BAX;STE;MMC;WELL;BRK-B;HAS;NVR;REGN;CSX;JBHT;GLD;EW;WST;MCD;MKC;NSC;CPB;GPN;UNP;DOC;USB;GILD;TECH;PNC;NKE;PSA;ABT;CL;RMD;CPRT;K;AMGN;TKO;EL;TJX;SO;EOG;BLK;VTR;CLX;HRL;DLR,
2008-11-28,^VIX;ODFL;WMT;CHD;GIS;ROST;NSC;STE;MMC;NVR;CPB;TECH;WAB;AMGN;EW;CHRW;ABT;JBHT;CSX;SO;MCD;GILD;BAX;DLTR;UNP;PSA;WELL;TKO;TFC;AZO;ED;CLX;WFC;K;HAS;TSCO;JNJ;MKC;AJG;KR;WST;QCOM;ACGL;CB;WEC;TJX;PNC;PG;DOC;GLD,
2008-12-31,^VIX;DLTR;WMT;WAB;GIS;CHD;MMC;ODFL;AZO;HAS;AMGN;PHM;JBHT;SO;GLD;MCD;EW;NFLX;EOG;STE;SJM;TECH;GILD;AJG;NSC;KR;ACGL;ABT;WST;ROST;ATO;CHRW;HSY;AOS;CLX;BAX;WRB;SHW;LDOS;ACN;XOM;AON;WEC;CVX;VRTX;TSCO;ADP;PSA;ROL;JNJ,
2009-01-30,^VIX;DLTR;VRTX;ODFL;AMGN;WMT;EW;ROST;AZO;HAS;WAB;AJG;NFLX;GILD;PSA;GIS;MCD;DRI;SHW;CHRW;WRB;PHM;WM;CHD;TSCO;WFC;KR;IT;ACGL;JBHT;GLD;SO;DGX;LDOS;AON;WELL;TFC;TAP;LOW;O;ABT;ROL;NSC;TECH;CMCSA;TYL;SJM;ORLY;WST;QCOM,
2009-02-27,DLTR;VRTX;NFLX;^VIX;EW;MCD;AZO;AMGN;GILD;GIS;STE;SJM;ORLY;HSY;ROST;LDOS;HAS;CHD;DRI;WM;WEC;MDLZ;TSCO;ABT;ED;DGX;CPB;ODFL;BMY;PCG;WMT;AJG;SO;PWR;FFIV;BAX;IT;MKC;GLD;KR;GWW;JNJ;PNW;ACN;TYL;ADP;TECH;GPN;BF-B;XEL,
2009-03-31,^VIX;VRTX;DLTR;AZO;EW;ORLY;NFLX;AMGN;PCG;ROST;MCD;VTRS;AMZN;WMT;DGX;DVA;FFIV;GIS;TYL;GILD;GLD;HSY;LDOS;AON;BRO;MKC;BAX;CHD;XEL;SHW;ABT;ROL;HAS;CNC;ED;GWW;WEC;RMD;TMUS;SO;SWKS;CPB;STE;INTU;BALL;ADP;TDG;CLX;MNST;BF-B,
2009-04-30,^VIX;DLTR;AZO;EW;CNC;ORLY;ROST;NFLX;FFIV;VRTX;AMGN;SWKS;VTRS;DXCM;BMY;BRO;NEM;TYL;PCG;DRI;GLD;DGX;ED;BR;MCD;LDOS;WMT;TMUS;SHW;AON;INTU;QCOM;AMZN;CLX;XEL;HSY;ROL;WEC;MNST;DVA;DLR;BALL;CHD;GWW;TSCO;ORCL;NTRS;SNPS;ATO;BBY,
2009-05-29,^VIX;NFLX;AZO;ORLY;DLTR;VRTX;FFIV;AMGN;MNST;ROL;ROST;EW;TYL;TSCO;CLX;MKTX;DRI;BR;SHW;IRM;DGX;AOS;BRO;AMZN;SWKS;ALGN;GLD;VTRS;GEN;CNC;HSY;QCOM;GWW;LII;AJG;PCG;DLR;CHD;LDOS;HD;ED;AON;SNPS;ATO;WRB;XEL;ORCL;BMY;TDG;MCD,
2009-06-30,ORLY;^VIX;MKTX;NFLX;DLTR;AZO;TSCO;DAL;ROL;MNST;EW;AMGN;ROST;FFIV;DRI;TYL;GLD;VRTX;DGX;MCD;AMZN;LII;BRO;NEM;VTRS;ODFL;SHW;O;RMD;PCG;TJX;SWKS;CL;BMY;IRM;CLX;SMCI;ALGN;HRL;INTU;F;KDP;ATO;YUM;CMG;WBD;HSY;GWW;JBHT;HD,
2009-07-31,ORLY;NFLX;TSCO;MKTX;F;SJM;AZO;DAL;DLTR;REGN;ROL;ODFL;WBD;HSY;DGX;FFIV;TDG;LII;SHW;BRO;MNST;AMZN;IRM;CNC;DRI;CLX;TYL;AOS;^VIX;CL;EW;ROST;ELV;HD;AMGN;RMD;KDP;HRL;NVR;BALL;MCD;KMX;ED;DXCM;PNW;BKNG;GWW;SWKS;INTU;VTRS,
2009-08-31,F;NFLX;ORLY;WBD;MU;MNST;CMG;BLDR;FFIV;SBUX;SWKS;TSCO;FIS;DLTR;MTCH;ULTA;NVDA;TPR;KMX;KDP;ROST;CHRW;SHW;SJM;AMZN;HD;BKNG;AZO;BRO;PCG;LOW;MKTX;^VIX;HSY;POOL;RMD;CLX;VRTX;NVR;BALL;EXPE;ROL;ADM;ATO;RL;WDC;BMY;TJX;CHD;INTU,
2009-09-30,MU;F;BKNG;WBD;VRTX;NFLX;^VIX;DLTR;ORLY;WDC;EXPE;SWKS;DXCM;MNST;GLD;CTSH;SBUX;TDG;JKHY;SW;ADM;TRV;ROST;NVDA;DRI;REGN;VTRS;WRB;MTCH;NVR;CMG;FIS;KMX;JPM;LEN;CHRW;BR;HSY;SJM;WSM;NDSN;BMY;BALL;EW;MKTX;AZO;ADI;EG;HRL;ATO,
2009-10-30,BKNG;WBD;SW;AAPL;CTSH;WDC;FFIV;CMG;MU;MKTX;EXPE;SWKS;JBL;F;KMX;ADM;ALGN;NFLX;NTAP;TDG;VTRS;NVDA;FCX;CF;SBUX;TPR;BR;FIS;GS;WSM;ROST;EQIX;ORLY;ON;DLTR;MPWR;NUE;BALL;AMZN;WBA;FDS;AES;STX;MS;EQT;HUBB;AMD;DXCM;MNST;ROK,
2009-11-30,SW;F;BKNG;HIG;FCX;WSM;NFLX;ALGN;EXPE;STX;MKTX;WDC;AMZN;WBD;PODD;MS;CTSH;VTRS;NTAP;KMX;GS;AMP;CRM;LEN;FFIV;TT;CI;MSCI;BR;TER;COO;LULU;DHI;FDS;BLK;TPR;AAPL;RL;MSI;BX;BEN;ULTA;MCK;PRU;BG;AES;DXCM;LRCX;CMG;JBL,
2009-12-31,MU;FCX;SW;STX;HIG;DXCM;CBRE;AMD;BKNG;LVS;AMZN;EXPE;F;WDC;LULU;BLDR;SWKS;WSM;ULTA;ON;KMX;CI;PODD;TER;INCY;COO;RCL;MPWR;BX;PRU;CCI;GS;MS;STLD;ALGN;NFLX;SBUX;CTSH;NTAP;TT;ISRG;SBAC;WBD;EQIX;AMP;MOS;IP;EMN;DPZ;MKTX,
2010-01-29,STX;AMD;F;MU;SW;LULU;WDC;CBRE;FCX;EXPE;DXCM;BKNG;KMX;BLDR;WSM;JBL;SWKS;ON;AMZN;NTAP;LVS;CTSH;INCY;TER;SBUX;ISRG;AAPL;IP;CRM;FFIV;AXP;NVDA;COO;CCI;ULTA;BX;WBD;SBAC;CI;GLW;TT;ALGN;EMN;A;GS;GOOGL;GOOG;EQIX;MPWR;APH,
2010-02-26,F;STX;SW;LULU;FITB;AMD;INCY;ISRG;BKNG;BLDR;RCL;DXCM;ULTA;CBRE;SWKS;WDC;BX;LVS;AMZN;MU;FCX;JBL;EXPE;KMX;ALGN;SBUX;TPR;WSM;CTSH;CRM;AXP;FFIV;SMCI;AAPL;DD;BAC;PSKY;EMN;IP;AFL;WBD;EL;CMG;CF;BEN;TT;RL;MTB;CI;BLK,
2010-03-31,FITB;LVS;F;LULU;HIG;IP;STX;INCY;CBRE;SW;RCL;TXT;LYV;UAL;BAC;DD;JBL;PRU;ISRG;MGM;WYNN;HBAN;AMD;PSKY;ULTA;COF;AFL;PFG;HST;EMN;SMCI;AXP;DECK;EXPE;MAS;NDSN;FFIV;MU;CMI;ROK;DAL;TEL;EL;AIG;AMP;BKNG;WDC;TPR;LEN;FCX,
2010-04-30,INCY;LVS;LYV;SW;F;MGM;LULU;FITB;CBRE;UAL;RCL;HST;WYNN;HIG;PSKY;ISRG;PFG;PODD;DD;SMCI;IP;TXT;ULTA;COF;BKNG;AMD;PRU;STX;AFL;AXP;FFIV;JBL;HBAN;WSM;EL;SPG;ROK;EXPE;BAC;TEL;DECK;TER;ALGN;DAL;TT;LEN;MU;CMI;KIM;CTSH,
2010-05-28,INCY;UAL;LYV;SW;FITB;LVS;SMCI;BKNG;LULU;ULTA;COF;HIG;AMD;FFIV;ISRG;DECK;HBAN;DXCM;RCL;PODD;WYNN;URI;PSKY;CBRE;STX;PRU;EL;NFLX;F;HST;CMI;EXR;TXT;IP;UDR;WSM;EQR;AAPL;LEN;CTSH;TER;WBD;MTD;NDSN;BAC;CRM;ARE;RJF;A;BEN,
2010-06-30,UAL;INCY;LULU;NFLX;ULTA;DECK;URI;LVS;CRM;WYNN;ISRG;PODD;FFIV;DAL;LYV;NTAP;WSM;FITB;CMI;SW;RF;EQR;UDR;CTSH;REGN;AAPL;RCL;DXCM;AMD;CBRE;AKAM;F;RJF;EXR;MU;TT;SBUX;ARE;LUV;SMCI;STX;TXT;WBD;EL;LEN;PSKY;KEY;COF;MCK;CMG,
2010-07-30,UAL;INCY;LULU;LVS;NFLX;WYNN;CRM;WSM;LYV;ULTA;FFIV;DAL;AKAM;DECK;PODD;SW;EQR;NTAP;ISRG;UDR;AMD;PSKY;AIG;CAT;CTSH;HIG;CMI;COF;DXCM;ARE;F;MTB;SBUX;AXP;JBL;AAPL;AVB;KDP;EL;COR;HAS;FITB;SMCI;HST;CMG;EXR;SWKS;DLR;EW;RCL,
2010-08-31,UAL;AIG;LVS;INCY;AKAM;FFIV;NFLX;PODD;CRM;DECK;ULTA;LULU;UDR;AMD;EQR;CTSH;SW;NTAP;WSM;AVB;ARE;RCL;WYNN;CMI;EXR;EW;DXCM;URI;DAL;EL;BKNG;RF;ESS;PSKY;SPG;SMCI;HAS;HST;CPT;BA;TDG;TSN;RMD;BXP;CAT;PNC;MAR;LYV;CMG;ALGN,
2010-09-30,UAL;NFLX;AKAM;FFIV;CRM;LVS;DECK;BKNG;INCY;CMG;EW;EQR;NTAP;ULTA;CMI;AVB;UDR;IT;EXR;CTSH;LULU;EL;WYNN;DPZ;AMZN;DXCM;AMP;SWKS;TDG;F;SPG;DE;CAT;CBRE;INTU;ESS;CCI;COO;MTB;DAL;TSCO;PSA;HAS;SBAC;WBD;AMT;BXP;AAPL;VTR;MKTX,
2010-10-29,NFLX;UAL;FFIV;AKAM;INCY;LVS;CMI;BKNG;LULU;CRM;EW;CMG;NTAP;DECK;ULTA;EL;CTSH;F;DXCM;EQR;IT;SWKS;AMZN;DE;HAS;TSCO;CBRE;EXR;COO;CAT;INTU;WSM;AVB;ERIE;AOS;AZO;AAPL;ETN;ROK;TRMB;URI;SBAC;SWK;NEM;DPZ;TPL;TDG;ESS;DLTR;MKTX,
2010-11-30,UAL;NFLX;LVS;INCY;FFIV;CMG;BKNG;AKAM;SWKS;WYNN;CMI;F;DPZ;ULTA;CRM;URI;DXCM;NTAP;RCL;DAL;DECK;CBRE;EXR;WSM;LULU;COO;TSCO;HAS;EQR;AZO;ERIE;DLTR;DE;TDG;IT;IPG;TRMB;TMUS;CTSH;EW;EL;INTU;REGN;LUV;UNP;UDR;HST;WBD;AVB;AAPL,
2010-12-31,NFLX;LVS;UAL;CMG;FFIV;CMI;DECK;URI;CRM;AKAM;SWKS;LULU;ULTA;FTNT;DPZ;INCY;TSCO;F;TMUS;BKNG;AVGO;ERIE;AZO;IT;DLTR;EXPD;NTAP;IPG;WYNN;RCL;TRMB;KMX;WSM;AME;ODFL;HAS;EW;HBAN;EQR;DXCM;AAPL;TPR;VRSN;DRI;EL;ALB;MAR;ETN;ROK;CBRE,
2011-01-31,NFLX;LVS;FFIV;CMI;CMG;DECK;URI;LULU;SWKS;WYNN;AIG;DPZ;HBAN;ULTA;EW;RCL;AKAM;TSCO;UAL;FTNT;IT;BKNG;INCY;CRM;WSM;DLTR;ERIE;AZO;DXCM;EL;CAT;F;TMUS;ETN;MGM;PH;CTSH;INTU;PCAR;KEY;NTAP;EQR;ORLY;EXPD;TRMB;DE;ODFL;ROL;ROK;AVGO,
2011-02-28,NFLX;URI;LVS;SWKS;LULU;CMI;TMUS;CMG;DECK;FFIV;BKNG;FTNT;UAL;CRM;TSCO;WYNN;AIG;TRMB;AKAM;ULTA;CAT;EW;NTAP;DE;ERIE;CBRE;ODFL;ETN;AAPL;RCL;TER;WSM;EXR;EQR;ROK;HST;ADSK;EMN;IPG;IT;CSX;NDSN;CTSH;FCX;AZO;AVGO;AME;COO;VRSN;AMP,
2011-03-31,URI;NFLX;LVS;FTNT;LULU;TMUS;SWKS;CMG;WYNN;DECK;BKNG;ULTA;EW;TSCO;FFIV;CBRE;TRMB;CRM;CAT;ERIE;TER;CMI;KLAC;AVGO;PSKY;EXR;AAPL;MTD;TPL;AIG;LRCX;COP;NTAP;WSM;ROK;CNC;NDSN;MOH;EMN;AME;CDNS;DE;TTWO;IT;DXCM;CSX;ETN;AZO;COO;INTU,
2011-04-29,URI;NFLX;FTNT;CMG;TMUS;ULTA;LULU;SWKS;TSCO;LVS;BKNG;DECK;IT;PSKY;COO;WYNN;CAT;CMI;TRMB;CRM;EW;ERIE;ROK;REGN;NDSN;EXR;FFIV;DE;HAL;CBRE;CTSH;COP;WAB;ODFL;TDG;TER;AME;MKTX;MOH;EMN;MSI;AZO;DXCM;MTD;KLAC;SW;SBUX;TPL;INTU;BKR,
2011-05-31,FTNT;NFLX;LULU;ULTA;TMUS;BKNG;URI;LYB;REGN;COO;CMG;LVS;BIIB;TSCO;SWKS;WYNN;DECK;CF;IT;UNH;CAT;HUM;CMI;EW;DE;ERIE;EMN;MTCH;TPL;MSI;CTSH;AVGO;CNC;HAL;MCO;AME;PSKY;CRM;ALB;CSGP;CBRE;ODFL;NDSN;MTD;CTRA;FCX;AZO;QCOM;MOH;CHTR,
2011-06-30,FTNT;BKNG;NFLX;LYB;CF;HAL;ULTA;TMUS;MCO;URI;LULU;REGN;BIIB;CMG;COO;BKR;WYNN;PSKY;TSCO;MNST;DPZ;TPL;EMN;CAT;MSI;LVS;DECK;EL;BX;HUM;ALGN;CBRE;CHTR;UNH;PM;EW;MKTX;QCOM;OKE;CDNS;ALB;FDS;ERIE;TDG;MTCH;FCX;CRM;WMB;AVGO;MOS,
2011-07-29,FTNT;LULU;URI;BKNG;ULTA;REGN;LYB;NFLX;BIIB;PSKY;DPZ;CMG;TSCO;CF;CTRA;MNST;HAL;WYNN;TMUS;NDSN;COO;MCO;EMN;LVS;FCX;UNH;EL;DECK;CBRE;AMZN;MKTX;BX;CDNS;CAT;HUM;A;QCOM;TDG;ROK;OKE;IPG;RL;INCY;AVGO;TPR;ALB;TPL;BKR;MSI;MOS,
2011-08-31,LULU;ULTA;NFLX;FTNT;CTRA;CMG;DPZ;DECK;LYB;REGN;CF;BKNG;COO;MKTX;TSCO;MNST;WYNN;PSKY;HAL;BIIB;BKR;MA;AMZN;LVS;EL;MTCH;TPL;TPR;EQT;NVDA;SBUX;TDG;DLTR;EBAY;RL;OKE;MCO;ACN;WMB;IT;AAPL;SPGI;AVGO;HUM;URI;EMN;KKR;TYL;ROST;UNH,
2011-09-30,LULU;CTRA;ULTA;REGN;DPZ;CF;WYNN;MKTX;CMG;DECK;MNST;COO;EQT;FTNT;TSCO;RL;BKNG;EL;BIIB;NFLX;PSKY;OKE;LYB;MA;IRM;SBUX;AMZN;GNRC;LVS;CNC;MTCH;HUM;DLTR;BKR;AVGO;AAPL;JBL;TDG;TPR;ROL;CHTR;UNH;GLD;SPGI;TTWO;ROST;CPT;WMB;HAL;AZO,
2011-10-31,ULTA;LULU;DPZ;CTRA;REGN;^VIX;DECK;MNST;CMG;COO;TSCO;BIIB;DLTR;MKTX;OKE;EQT;AVGO;MTCH;SBUX;ROST;HUM;MA;IRM;RL;AMZN;AZO;EL;AAPL;BKNG;GNRC;WYNN;CHTR;IBM;FTNT;CF;POOL;AWK;CHD;COST;ERIE;DG;CNP;TDG;CAH;UNH;WMB;HSY;FAST;GLD;NI,
2011-11-30,CTRA;LULU;ULTA;DPZ;REGN;DECK;BIIB;TSCO;GNRC;MNST;EQT;RL;^VIX;ISRG;MKTX;CMG;DLTR;TYL;OKE;CNC;FTNT;SBUX;ROST;CHTR;PSKY;FAST;MTCH;POOL;EL;MSI;WMB;HUM;IRM;EA;AVGO;WAB;GWW;TTWO;AZO;DG;MA;TSLA;VLO;ERIE;SMCI;EXR;ORLY;JBL;TDG;COO,
2011-12-30,CTRA;DPZ;REGN;ULTA;LULU;MNST;BIIB;OKE;ISRG;CNC;TSCO;GNRC;HUM;EA;MKTX;MA;CHTR;FAST;AXON;EL;PSKY;TYL;FTNT;FICO;EXR;EQT;DLTR;MSI;GWW;MTCH;ROST;TJX;POOL;^VIX;TDG;ALGN;NI;WMB;WAB;DECK;PM;CPRT;LKQ;CHD;SBUX;PSA;URI;FE;ACN;BMY,
2012-01-31,DPZ;CTRA;ULTA;ISRG;MNST;GNRC;REGN;MA;BIIB;HUM;OKE;CMG;CNC;TRGP;FICO;ROST;FAST;MTCH;DLTR;TJX;MKTX;CHTR;TSCO;V;SBUX;TYL;PSKY;EXR;UNH;NI;EL;PM;BMY;GWW;WMB;PSA;LULU;POOL;SMCI;DLR;CHD;FTNT;MCD;GRMN;HSY;DG;SPG;CNP;TDG;WAB,
2012-02-29,REGN;ULTA;DPZ;GNRC;MNST;LULU;BIIB;TYL;CMG;DLTR;FAST;CNC;TSCO;ROST;MKTX;STX;HUM;SBUX;CTRA;DG;MTCH;MA;MOH;GWW;TJX;PSKY;OKE;EL;V;URI;ORLY;FICO;RL;ISRG;POOL;GRMN;EXR;LYB;TRGP;MCD;YUM;SPG;CHTR;AZO;AWK;DLR;PM;EQIX;LKQ;TDG,
2012-03-30,REGN;STX;DPZ;MNST;ULTA;LULU;DLTR;FAST;BIIB;MA;TSCO;TYL;EQIX;CMG;MKTX;ORLY;ISRG;V;GWW;DG;AAPL;CNC;CTRA;ROST;SBUX;MTCH;TJX;POOL;GRMN;AZO;RL;FICO;ODFL;TRGP;TSLA;TPR;BKNG;EXR;TDG;PM;CTAS;GNRC;HUM;CVS;VRSK;IP;CF;MOH;URI;LKQ,
2012-04-30,REGN;DPZ;MNST;STX;ULTA;EQIX;AAPL;BIIB;DLTR;FAST;LULU;MA;ROST;ISRG;TYL;TJX;V;ORLY;MTCH;GWW;POOL;MKTX;SBUX;CMG;TSCO;LEN;TPR;BLDR;CNC;DG;GRMN;NKE;INTC;VRSK;EXR;RL;BKNG;YUM;PM;SPG;HD;FICO;MPWR;TDG;PSKY;LVS;AZO;ODFL;KMI;CF,
2012-05-31,REGN;MNST;STX;DPZ;ORLY;DLTR;ULTA;ROST;LULU;TSCO;AAPL;BLDR;ISRG;EQIX;TYL;CMG;TJX;SBUX;MA;URI;LEN;GRMN;TDG;V;MKTX;CF;FICO;SHW;TRGP;VRSK;EXR;DHI;HD;DG;FAST;SBAC;GWW;NKE;BKNG;MTCH;AZO;SPG;RL;YUM;BIIB;PSKY;EL;FFIV;LKQ;PM,
2012-06-29,REGN;MNST;ULTA;AAPL;TJX;DLTR;LULU;BLDR;ORLY;ROST;EQIX;DG;TDG;SHW;^VIX;SBUX;TYL;ISRG;TSCO;HD;V;STX;CMG;MA;LEN;VRSK;FAST;MKTX;GNRC;EXR;LKQ;FICO;BIIB;TRGP;SBAC;CHD;GWW;DHI;NKE;GRMN;POOL;NI;SPG;DPZ;AZO;CCI;DUK;WEC;AJG;WMT,
2012-07-31,BLDR;REGN;MNST;EQIX;AAPL;LEN;TJX;DG;DHI;ROST;SHW;STX;ALGN;DLTR;TYL;ISRG;HD;SBAC;V;EXR;VRSK;ULTA;FICO;TDG;CSGP;GNRC;CCI;MA;CF;PHM;MO;PM;EFX;CHD;SPG;CINF;SRE;POOL;BIIB;AMT;SBUX;WMT;TRGP;STZ;WBD;EG;CHTR;KMB;WEC;AMGN,
2012-08-31,REGN;STX;PHM;BLDR;LEN;MNST;EQIX;SHW;ROST;ALGN;TJX;EXR;URI;DG;GNRC;CHTR;HD;DHI;STZ;AAPL;SBAC;AMGN;CMCSA;DLTR;LYB;LKQ;TYL;FICO;BIIB;VRSN;ULTA;V;AKAM;HUBB;CINF;CHD;CCI;TDG;MPWR;WMT;SRE;POOL;GILD;GWW;SPG;ORLY;DOC;TSCO;MO;EFX,
2012-09-28,STX;PHM;REGN;BLDR;LEN;EQIX;SHW;URI;ROST;DHI;ALGN;HD;AAPL;MPWR;AKAM;TJX;LYB;STZ;FICO;EXR;ULTA;CMCSA;MAS;TYL;SBAC;CSGP;TSCO;TRGP;RF;TXT;BIIB;CHTR;HCA;AMGN;LII;POOL;VRSN;WMB;CPAY;EBAY;TDG;LKQ;DIS;USB;PSKY;ALL;FITB;TFC;MHK;CCI,
2012-10-31,BLDR;PHM;STX;REGN;LEN;LYB;ALGN;DHI;EQIX;MAS;RF;MPC;SHW;FICO;AKAM;URI;MPWR;HD;WMB;LII;VLO;CF;MHK;SBAC;AOS;STZ;EXR;HCA;NXPI;TRGP;GNRC;PSKY;DIS;TYL;SW;GILD;AAPL;TDG;CMCSA;ALL;WY;HII;VMC;EMN;VRSN;ROST;CPAY;PPG;IVZ;TJX,
2012-11-30,BLDR;PHM;REGN;LEN;LYB;GNRC;DHI;EQIX;URI;STX;HD;STZ;SHW;SW;FICO;SBAC;MAS;RF;CPAY;CHTR;AOS;LII;CMCSA;CCI;AXON;GILD;MHK;DVA;LOW;WY;TDG;MPWR;EXR;EMN;TRGP;EXPE;V;AMGN;TYL;RVTY;EBAY;MPC;TT;ALL;VMC;SNA;HCA;LKQ;POOL;AAPL,
2012-12-31,BLDR;REGN;PHM;LEN;BAC;STZ;MAS;EQIX;GILD;CPAY;MPWR;RF;MPC;EBAY;SHW;GNRC;LYB;RVTY;WY;DHI;CMCSA;LII;SBAC;DXCM;VMC;AOS;HD;APTV;EMN;SW;MHK;CCI;SNA;RMD;ALL;V;FIS;COO;AMGN;TDG;NXPI;TT;URI;AAPL;STX;AIG;EXR;TYL;SWKS;TRGP,
2013-01-31,REGN;PHM;BLDR;BAC;EXPE;STX;EQIX;LEN;LYB;MPC;SW;CPAY;GILD;HCA;STZ;APTV;EMN;NXPI;SHW;EBAY;VLO;RMD;SBAC;RF;PPG;CCI;CRM;AXON;CMCSA;GNRC;TYL;MAS;TT;RVTY;DHI;LII;URI;SNA;APO;PKG;AOS;WBD;NDSN;TDG;ULTA;WY;LULU;AIG;MPWR;EXR,
2013-02-28,PHM;BLDR;EXPE;REGN;MPC;LEN;STZ;VLO;HCA;AXON;EQIX;EBAY;CPAY;SW;STX;SHW;LYB;AOS;GILD;DHI;GNRC;PPG;MHK;CTRA;WBD;EXR;RMD;BAC;ALL;DPZ;CSGP;V;HD;APO;SBAC;LII;TYL;EFX;CMCSA;TRGP;MAS;WY;AIG;NVR;TT;TDG;WST;MA;MCO;RF,
2013-03-28,PHM;STZ;MPC;BLDR;EXPE;VLO;GILD;CPAY;APO;AXON;CTRA;GNRC;NFLX;LEN;MAS;MHK;CSGP;WBD;SW;HCA;DHI;AOS;SHW;REGN;EPAM;DPZ;LII;RMD;EQIX;SBAC;ALL;EBAY;CPRT;HD;PKG;AMZN;PPG;DAL;PSKY;LYB;LLY;NVR;WST;TYL;EG;EXR;BIIB;WY;LOW;TRV,
2013-04-30,CTRA;PHM;STZ;GILD;MPC;CPAY;EXPE;HCA;GNRC;APO;SW;AXON;NRG;MHK;CHTR;DXCM;LII;AMGN;WBD;REGN;AOS;VLO;TRGP;BIIB;TPL;UHS;SHW;PKG;TYL;LYB;CSGP;ALL;LUV;RMD;EBAY;WST;DAL;DHI;NFLX;TRV;WY;IRM;MAS;LLY;LEN;HD;CPB;HSY;CMCSA;AVY,
2013-05-31,NFLX;FSLR;STZ;APO;PHM;GNRC;VRTX;GILD;CPAY;AXON;CTRA;MPC;DXCM;REGN;PSX;HCA;SW;CHTR;VLO;LUV;PKG;DHI;TSLA;BX;NRG;BIIB;MAS;MHK;AOS;DAL;TYL;KKR;UHS;SHW;LYB;WY;KR;LEN;AMGN;EQT;BAC;DIS;BLDR;MCO;COR;KMX;EXR;APTV;UAL;WDC,
2013-06-28,FSLR;NFLX;TSLA;STZ;PHM;MPC;CPAY;APO;PSX;GILD;GNRC;SW;CTRA;VLO;TMUS;WDC;C;DPZ;MS;MU;DXCM;PKG;BAC;TYL;BX;BIIB;STX;MCO;LYB;REGN;UHS;HIG;AXON;CHTR;AMP;KKR;TMO;HCA;AOS;EQT;BLDR;GS;JPM;BLK;NRG;APTV;MAS;PODD;HD;MLM,
2013-07-31,TSLA;NFLX;FSLR;GNRC;TMUS;CPAY;MU;STZ;SW;WDC;APO;REGN;GILD;APTV;STX;DPZ;EA;PHM;PKG;HIG;LYB;KMX;MKTX;C;ETN;PSX;TYL;CHTR;MS;DXCM;CTRA;LYV;CNC;BX;MCO;SCHW;CBOE;WSM;GM;AXON;DAL;TMO;IP;BAC;AVY;TTWO;KKR;CSGP;PRU;AMP,
2013-08-30,TSLA;NFLX;FSLR;SW;CPAY;EA;DAL;GILD;APO;BSX;MU;GNRC;TTWO;URI;MS;DXCM;BAC;REGN;APTV;HIG;MHK;C;F;TYL;CSGP;TSN;CI;STZ;UAL;GM;DPZ;LYV;PKG;CTRA;AMP;UHS;MAS;SCHW;CBOE;LOW;KR;BBY;PRU;EPAM;PFG;STT;KMX;WSM;MKTX;BX,
2013-09-30,TSLA;NFLX;CPAY;SW;DAL;MU;APO;DXCM;META;AXON;BBY;GILD;EA;GNRC;LYV;BSX;TSN;CTRA;CSGP;APTV;TYL;MS;BAC;EPAM;F;TTWO;MGM;CI;URI;DPZ;UHS;PKG;HIG;KR;INCY;LOW;STZ;MCO;BX;STT;REGN;C;MHK;GM;AMP;AIZ;CBOE;LYB;SCHW;EQT,
2013-10-31,TSLA;NFLX;MU;DAL;CPAY;AXON;APO;BBY;INCY;META;LYV;ENPH;CSGP;SW;BSX;EA;MKTX;TYL;REGN;FSLR;MGM;GNRC;DXCM;BX;APTV;URI;EPAM;STZ;GILD;DECK;DPZ;LKQ;CHTR;F;CNC;TTWO;LDOS;PODD;KR;WDC;TSN;UHS;KMX;BA;BKNG;LUV;SCHW;MHK;AMP;MPWR,
2013-11-29,TSLA;NFLX;MU;FANG;BBY;DAL;APO;INCY;CPAY;DECK;META;AXON;BSX;DXCM;SW;ALGN;CSGP;EA;LYV;GILD;MKTX;EPAM;WDC;FSLR;CMG;ENPH;TYL;REGN;UHS;LUV;LDOS;BA;STX;STZ;MGM;PSKY;PODD;APTV;BKNG;BX;PKG;WST;HPQ;SBUX;NOW;PFG;AMP;UAL;BIIB;HCA,
2013-12-31,NFLX;TSLA;MU;BBY;DAL;FANG;INCY;DXCM;ENPH;CPAY;WDC;MKTX;APO;FSLR;DECK;HPQ;TYL;CSGP;BSX;BX;LYV;STX;SW;HII;ALGN;AXON;CMG;GILD;BIIB;STZ;LUV;AIZ;SCHW;UAL;LDOS;PFG;MGM;KKR;TKO;MS;CHTR;UHS;BA;GNRC;WST;AMP;BKNG;CBOE;WBA;PRU,
2014-01-31,TSLA;NFLX;BBY;MU;INCY;FANG;DXCM;DAL;DECK;CPAY;APO;TKO;TMUS;LYV;SW;BX;TYL;BSX;HII;ALGN;GILD;CSGP;META;WDC;MGM;HPQ;TPL;AIZ;BIIB;NOW;STZ;EPAM;MKTX;GNRC;LUV;LDOS;BA;ICE;FSLR;BKNG;ENPH;AMP;STX;WST;WYNN;CMG;SCHW;CBOE;CHTR;AXON,
2014-02-28,TSLA;INCY;MU;TKO;DXCM;NFLX;FANG;NOW;DAL;HII;LYV;BIIB;GILD;ALGN;DECK;ENPH;EPAM;STZ;TYL;META;BX;AXON;UAL;MGM;LUV;WDC;TMUS;PODD;TPL;BSX;CPAY;FSLR;VRTX;HPQ;APO;CSGP;SW;LMT;NOC;SMCI;AIZ;BA;EA;MTCH;WYNN;PKG;CHTR;MKTX;MCK;WDAY,
2014-03-31,TSLA;MU;DXCM;FANG;INCY;TKO;AXON;TPL;META;NFLX;MGM;DAL;FSLR;WYNN;HII;LYV;NOW;PODD;BIIB;REGN;CSGP;LMT;BKNG;LUV;NOC;GNRC;MTCH;TMUS;GILD;AVGO;WDC;STZ;WDAY;VTRS;BX;CPAY;PKG;VRTX;BSX;SWKS;NXPI;CMG;LVS;SW;ADBE;SMCI;BR;BA;ENPH;SPGI,
2014-04-30,TSLA;TKO;FSLR;MU;AXON;META;FANG;DAL;INCY;DXCM;NXPI;MGM;NFLX;HII;WYNN;LUV;AVGO;GNRC;WDC;LYV;TMUS;NOC;URI;BX;PODD;SWKS;CMG;LMT;BKNG;TSN;CSGP;TPL;NOW;STZ;RCL;BSX;VTRS;MPWR;AKAM;AMD;CAH;GRMN;GD;ALGN;EA;DD;REGN;SMCI;LHX;MCK,
2014-05-30,TSLA;MU;FANG;TKO;INCY;NXPI;META;DAL;SMCI;AVGO;HII;DXCM;TMUS;SWKS;TPL;MGM;URI;LUV;GNRC;AXON;GRMN;TSN;VTRS;LYV;TRGP;LMT;BKNG;BSX;LHX;LYB;VLO;EA;SCHW;STZ;EOG;HPQ;NOC;ODFL;MCK;WYNN;NFLX;GILD;BKR;MPWR;TXT;AMP;ALGN;BR;OKE;DOV,
2014-06-30,META;MU;DAL;FANG;INCY;TSLA;SMCI;NXPI;TPL;AVGO;LUV;NFLX;TRGP;HII;EPAM;SWKS;URI;GRMN;TSN;LYV;MGM;OKE;MCK;WYNN;EOG;VTRS;ZBRA;TMUS;RCL;LMT;DXCM;BKNG;MPWR;STZ;LHX;HAL;DD;GD;HUM;BR;BKR;IDXX;LYB;WBA;ALGN;SPGI;CAH;CNC;CMG;PANW,
2014-07-31,META;FANG;INCY;MU;SMCI;SWKS;TRGP;LUV;URI;NXPI;NFLX;DAL;PANW;OKE;AVGO;TSLA;TPL;ZBRA;WMB;MGM;GRMN;MPWR;DXCM;STZ;WYNN;VTRS;BX;ADSK;RCL;EOG;CDW;DECK;WBA;HII;HAL;MCK;GILD;EPAM;MAR;SLB;DD;FFIV;CMG;AAPL;BKR;CPAY;ADBE;HUM;SPGI;WAB,
2014-08-29,MU;SMCI;SWKS;TPL;LUV;META;AVGO;TRGP;FANG;INCY;EXPE;NXPI;URI;TSLA;DAL;NFLX;ZBRA;HCA;DXCM;CMG;LYB;WMB;PANW;WYNN;MCK;MAR;MPWR;STZ;ENPH;MGM;ADSK;RCL;DECK;WDC;UHS;INTC;AAPL;BIIB;HAL;DD;GILD;BX;VTRS;ADBE;CAH;STX;HII;CDW;GPN;BKR,
2014-09-30,LUV;TPL;MU;ENPH;AVGO;SWKS;URI;SMCI;TRGP;DAL;FANG;EXPE;FSLR;PANW;NXPI;META;HCA;GILD;RCL;MAR;UAL;HPQ;ZBRA;WMB;UHS;LYB;TSLA;NFLX;CMG;WDC;STX;HII;DXCM;INTC;STZ;MCK;BX;OKE;BIIB;DECK;ADBE;TDG;ODFL;INCY;MNST;MPWR;STLD;AMAT;PSX;XYL,
2014-10-31,LUV;TPL;PANW;SWKS;SMCI;AVGO;TRGP;MU;URI;NXPI;MNST;RCL;GILD;HPQ;FANG;EXPE;MAR;WMB;CMG;META;INTC;HCA;HII;MCK;KDP;ZBRA;UAL;TAP;DAL;WDC;TDG;LMT;DXCM;ENPH;ODFL;TSN;FSLR;NSC;AAPL;TSLA;GD;EW;IRM;CVS;CAH;STZ;FDX;MPWR;UNP;SBAC,
2014-11-28,PANW;SMCI;SWKS;LUV;AVGO;ENPH;MU;TPL;EW;MAR;MNST;INCY;URI;TRGP;GD;RCL;EXPE;NXPI;GILD;CNC;UNP;WMB;VRTX;IRM;ODFL;EA;DXCM;UAL;HUM;META;TSLA;KDP;DAL;HPQ;HCA;ELV;TTWO;ZBRA;LMT;HII;AAPL;FFIV;DLR;TDG;TSN;ADSK;CAH;TXT;ORLY;AMGN,
2014-12-31,SWKS;PANW;LUV;AVGO;SMCI;EW;EA;TSLA;MNST;RCL;NXPI;VRTX;ENPH;MAR;MU;CNC;TTWO;FTNT;INTC;GD;IRM;LRCX;META;DLR;KDP;INCY;DXCM;FFIV;URI;DAL;ODFL;CDW;UAL;AMGN;WMB;MOH;TAP;AAPL;UNP;MPWR;ABBV;ORLY;HCA;EXR;EQIX;HPQ;ZTS;LLY;LYV;KR,
2015-01-30,SWKS;LUV;ENPH;PANW;EA;SMCI;EW;AVGO;DAL;RCL;UAL;CNC;AXON;NXPI;KR;TTWO;MU;FTNT;MAR;VRTX;MNST;DXCM;MOH;HCA;CDW;KDP;ORLY;REGN;WELL;IRM;ESS;TSLA;GD;LRCX;ODFL;HPQ;EIX;MPWR;SHW;ARE;ETR;UNP;INCY;INTC;EXR;AMAT;FFIV;ZBRA;EQR;META,
2015-02-27,SWKS;LUV;EA;PANW;AVGO;EW;KR;CNC;SMCI;MNST;ENPH;IRM;AXON;AAPL;KDP;DAL;NXPI;TTWO;ELV;ULTA;DXCM;UAL;RCL;MAR;LRCX;MO;HUM;ZBRA;EXR;UNH;DLR;WSM;WELL;LOW;ESS;BBY;AVB;ETR;PCG;REG;CDW;EQR;CVS;ARE;EIX;HOLX;TAP;DPZ;MPWR;SPG,
2015-03-31,SWKS;PANW;AVGO;EA;LUV;CNC;SMCI;EW;MNST;EPAM;NXPI;AAPL;KR;ENPH;ELV;MOH;MO;FICO;LRCX;ULTA;MAR;IRM;RCL;KDP;UAL;COR;CI;BBY;MPWR;LOW;VRTX;ZTS;RMD;FDS;NCLH;HOLX;FTNT;UNH;CHTR;CDW;CHRW;ODFL;ROST;BR;SHW;DLTR;HD;CVS;HUM;CTAS,
2015-04-30,SWKS;CNC;PANW;AVGO;EA;MNST;SMCI;EW;LUV;KR;MOH;COR;EPAM;ENPH;NCLH;NXPI;AAPL;INCY;VRTX;RMD;FICO;ZTS;HUM;ELV;CI;DLTR;LOW;ULTA;IRM;CHTR;FTNT;KDP;FDS;HOLX;RCL;DXCM;BR;BBY;UNH;HD;SHW;HCA;ORLY;ROST;KMX;REGN;NDAQ;STE;MAR;AOS,
2015-05-29,PANW;SWKS;DXCM;EPAM;EA;PAYC;MNST;INCY;AXON;CNC;AVGO;VRTX;COR;NFLX;ULTA;FTNT;LUV;ENPH;BLDR;NXPI;MKTX;HOLX;MOH;CI;KMX;EW;FICO;REGN;LOW;ELV;HUM;MSCI;KR;AAPL;UNH;NOW;GPN;FDS;TYL;BX;NCLH;ZTS;DPZ;DLTR;ROST;ORLY;UAL;STZ;AMGN;CBRE,
2015-06-30,PAYC;SWKS;AXON;PANW;INCY;DXCM;AVGO;CNC;MNST;EA;FTNT;ULTA;NXPI;BLDR;HUM;VRTX;EPAM;MKTX;REGN;SMCI;KMX;EW;ZTS;NCLH;MOH;CI;FDS;COR;TYL;KR;HCA;ELV;GPN;ZBRA;FICO;LOW;DPZ;UNH;NOW;ON;ORLY;BX;HOLX;VMC;NFLX;AAPL;EXPE;TGT;DLTR;MSCI,
2015-07-31,AXON;PAYC;SWKS;PANW;DXCM;MNST;INCY;AVGO;CNC;EA;MKTX;EPAM;CI;NCLH;BLDR;REGN;ULTA;FTNT;EW;DRI;HCA;LULU;DPZ;^VIX;ORLY;MOH;CAG;ELV;HOLX;AOS;UNH;TSCO;KR;ZTS;ROST;UHS;COR;NXPI;HAS;DLTR;HUM;TGT;TKO;GPN;BMY;NKE;RCL;LLY;NFLX;LOW,
2015-08-31,BLDR;PAYC;MNST;PANW;DXCM;INCY;AXON;EA;CNC;FTNT;EPAM;MOH;NCLH;NFLX;AVGO;SWKS;ULTA;MKTX;AMZN;REGN;ROST;DPZ;DRI;EW;GPN;KR;FICO;LULU;HAS;ORLY;TKO;HOLX;MHK;CI;NXPI;VRTX;ROL;RCL;HUM;TYL;AOS;MSCI;SW;SBUX;NKE;UNH;TSCO;WST;HD;CVS,
2015-09-30,^VIX;INCY;PAYC;BLDR;DXCM;EPAM;PANW;EA;LULU;MOH;ULTA;MKTX;NFLX;FTNT;CNC;NCLH;MNST;TYL;GPN;SWKS;ORLY;CI;HOLX;VMC;STZ;WBA;DRI;AMZN;AVGO;HUM;HAS;LII;EXR;SBUX;EW;FICO;DHI;DPZ;NKE;REGN;ROL;RCL;SW;CTSH;VRTX;KR;AZO;UNH;MHK;LOW,
2015-10-30,INCY;BLDR;PAYC;CZR;DXCM;TYL;EA;PANW;FTNT;EPAM;AMZN;ORLY;NCLH;MOH;HOLX;NFLX;GPN;VMC;SBUX;SWKS;CI;MKTX;STZ;EXR;FICO;AVGO;LII;WBA;EXPE;EW;AXON;MNST;DHI;KR;HUM;RCL;EQIX;AZO;CTSH;ULTA;TSCO;VLO;MHK;ROL;BSX;BR;UNH;AOS;NKE;TMUS,
2015-11-30,CZR;PAYC;AMZN;BLDR;NFLX;DXCM;INCY;EA;GPN;EXPE;NCLH;EPAM;SBUX;VMC;MKTX;ORLY;NVDA;TYL;MAS;PANW;LII;EQIX;STZ;AVGO;LDOS;FICO;MPWR;HOLX;CDW;AOS;RCL;TKO;MSCI;AVY;ULTA;MHK;EXR;EFX;NKE;AZO;SW;CTSH;REGN;FI;POOL;BR;NOC;SWKS;KR;BSX,
2015-12-31,NFLX;CZR;BLDR;AMZN;GPN;MKTX;PANW;DXCM;NVDA;TYL;EA;VMC;EPAM;TKO;HOLX;SBUX;INCY;VRSN;STZ;LDOS;AOS;PAYC;MSCI;EXR;LII;HRL;AVGO;VLO;GOOGL;GOOG;MAS;BSX;ORLY;MPWR;NOW;EXPE;EFX;MNST;EQIX;META;POOL;HD;NKE;CRM;CI;NOC;MLM;FI;AVY;ULTA,
2016-01-29,CZR;NFLX;AMZN;NVDA;EPAM;GPN;TYL;MKTX;BLDR;EXR;VRSN;HRL;TKO;MSCI;SBUX;FSLR;INCY;DXCM;EXPE;VLO;AVGO;GOOGL;TMUS;EA;PAYC;STZ;HOLX;GOOG;PANW;VMC;ULTA;CI;EQIX;EFX;BSX;AOS;PSA;MNST;LDOS;TSN;LII;REGN;META;KDP;CRM;ORLY;KR;MPWR;NKE;DHI,
2016-02-29,CZR;AMZN;FSLR;EPAM;HRL;MKTX;NVDA;EQIX;GOOGL;TKO;GOOG;NFLX;META;TYL;NDAQ;EXR;SBUX;VRSN;HAS;STZ;MCD;TMUS;ORLY;ULTA;MSFT;GPN;POOL;TSN;VLO;NKE;JKHY;LHX;ICE;NVR;MPWR;AIZ;BLDR;PSA;FI;MSCI;AVGO;NI;ACN;EFX;AZO;GE;SJM;CPB;ADBE;VMC,
2016-03-31,CZR;TSN;HRL;NVDA;AMZN;MKTX;TTWO;EQIX;NFLX;BLDR;META;VRSN;NI;ATO;GPN;EXR;MAA;PSA;CPB;AWK;EW;DPZ;DLR;NDAQ;AVY;HAS;SBUX;NKE;GOOGL;ORLY;MAS;CINF;MKC;PGR;STZ;ROL;MSFT;GOOG;CAG;MSCI;JKHY;KMB;FI;NVR;^VIX;MCD;O;AIZ;LII;VMC,
2016-04-29,CZR;NFLX;TSN;NVDA;BLDR;AMZN;MKTX;HRL;TTWO;EQIX;PSA;DLR;CPB;EXR;META;GPN;MAS;NI;AVY;MSFT;GOOGL;ALGN;GOOG;MAA;PM;ATO;MCD;PGR;VRSN;EVRG;DPZ;MKC;NDAQ;TAP;SBUX;GE;STZ;NVR;KMB;ED;KLAC;TKO;AWK;MO;AIZ;POOL;FI;SYY;ORLY;CINF,
2016-05-31,CZR;EW;TSN;AMD;AMZN;NVDA;META;DLR;MKTX;TTWO;GPN;AIZ;HRL;EVRG;CPB;AWK;ATO;NI;VRSN;EQIX;PSA;ULTA;CINF;NOC;POOL;STZ;AVY;MCD;WST;SYY;EXR;TKO;TAP;MAS;O;MAA;NDAQ;NEM;GOOG;MO;GOOGL;LII;MSI;IDXX;ED;ISRG;LMT;ALGN;HD;MKC,
2016-06-30,NVDA;AMD;CZR;AMZN;EVRG;MKTX;DLR;EW;ULTA;TSN;AWK;GPN;EQIX;META;CPRT;O;MAA;CINF;ATO;EXR;TAP;POOL;PSA;TTWO;NI;WST;NOC;VRSN;GOOG;IDXX;GOOGL;SYY;MAS;WEC;CHTR;MO;ALB;CMS;AIZ;JKHY;PNW;CPB;FI;XEL;HII;VMC;LNT;AEE;MCD;EFX,
2016-07-29,NVDA;AMD;CZR;AWK;NEM;EVRG;DLR;AMZN;ATO;EQIX;O;TSN;ULTA;MKTX;NI;HII;ALB;CINF;MAA;CMS;IDXX;TAP;WM;WEC;AEE;PNW;MO;SYY;STZ;ED;REG;EXR;SJM;XEL;CPB;KIM;VMC;LNT;EIX;NOC;PSA;EW;TTWO;CPRT;MKC;VRSN;NEE;AEP;DTE;ISRG,
2016-08-31,AMD;NVDA;NEM;DHR;TSN;MKTX;CZR;DLR;AWK;ALB;PAYC;AMAT;ULTA;NI;HII;EW;KLAC;EVRG;O;ALGN;ATO;IDXX;TAP;SYY;POOL;MPWR;IRM;GRMN;AMZN;TXN;NDAQ;FICO;EQIX;CINF;MAS;BSX;SJM;XYL;PLD;TPR;CPRT;OKE;LNT;STZ;WST;CMS;WEC;AVGO;REG;T,
2016-09-30,AMD;NVDA;NEM;AMAT;DHR;ALB;TSN;MKTX;ALGN;EW;DLR;MPWR;XYL;EVRG;MCHP;FICO;TAP;NDSN;IDXX;ULTA;O;GEN;CINF;TTWO;AOS;TXN;MSCI;AMZN;CZR;NI;KLAC;CHTR;ITW;WST;PODD;TRMB;BSX;HII;PLD;POOL;ADSK;CPRT;TPL;IRM;AWK;AVGO;EQIX;OKE;NDAQ;DPZ,
2016-10-31,AMD;NVDA;NEM;AMAT;ALB;DHR;MKTX;TRMB;TSN;TPL;GEN;ADSK;WYNN;OKE;XYL;ALGN;CPRT;AMZN;NDSN;MPWR;EW;ISRG;TTWO;APA;EVRG;AOS;CZR;LVS;DLR;IDXX;ITW;PODD;FICO;O;MCHP;TXN;CHTR;LRCX;HII;MSCI;MTD;KLAC;BAX;DPZ;ULTA;CINF;LDOS;GLW;SPGI;STLD,
2016-11-30,AMD;NVDA;NEM;TPL;AMAT;DHR;TSN;DPZ;ALB;GEN;HPE;OKE;MKTX;IDXX;EVRG;STLD;GRMN;PWR;CPRT;WYNN;ULTA;AVGO;NDSN;ANET;HII;PAYC;CHTR;SPGI;ISRG;^VIX;TTWO;XYL;AWK;TDG;LNT;NXPI;AMCR;TMUS;MTD;CNP;GDDY;ALGN;LRCX;PTC;NEE;MCHP;APA;FICO;BAX;MLM,
2016-12-30,AMD;NVDA;OKE;STLD;TPL;FCX;NEM;ALB;DHR;CZR;AMAT;IDXX;HPE;ULTA;DPZ;TRGP;CMI;NUE;MKTX;BBY;AXON;GEN;TMUS;PWR;CNP;NDSN;WYNN;JCI;CHTR;LVS;GRMN;PH;FANG;XYL;ODFL;MLM;CAT;RF;APA;J;KEY;CPRT;DRI;UNH;HAL;HII;EVRG;ITW;URI;CSX,
2017-01-31,AMD;NVDA;OKE;TRGP;TPL;STLD;FCX;NEM;NDSN;AMAT;DHR;PWR;MLM;HAL;IDXX;CMI;CHTR;ALB;MU;CZR;HPE;RF;NUE;FANG;FFIV;PH;HII;TMUS;IP;BBY;ALGN;CPRT;APA;URI;ODFL;DVN;DPZ;EOG;GEN;BKR;KMI;KEY;JCI;CAT;CSX;WST;BRO;MCHP;TTWO;CNP,
2017-02-28,AMD;NVDA;FCX;TRGP;URI;TPL;OKE;MU;CSX;AMAT;STLD;PWR;NDSN;DHR;CHTR;MLM;PKG;ALB;RF;HAL;NTAP;PTC;NEM;CFG;RJF;NSC;GEN;IP;ADSK;IDXX;WDC;FITB;MS;CPRT;CMI;STX;INCY;APO;KEY;BBY;SCHW;BAC;XYZ;LRCX;DVN;HBAN;ODFL;HPE;AXON;CAT,
2017-03-31,AMD;NVDA;URI;OKE;TRGP;MU;TPL;CSX;DVN;DHR;IDXX;AMAT;BAC;RF;INCY;ALB;PKG;STLD;MS;CFG;GEN;ANET;WMB;PWR;CHTR;BLDR;RJF;CZR;PAYC;PTC;HPE;NDSN;KEY;ON;FITB;NTAP;PFG;HII;WDC;GS;ULTA;LDOS;TMUS;NSC;MCHP;HPQ;PRU;MKTX;AVGO;LRCX,
2017-04-28,AMD;NVDA;MU;TRGP;ANET;URI;IDXX;OKE;TPL;RF;WMB;INCY;CSX;DHR;AMAT;WDC;BAC;MS;TMUS;CFG;GEN;ALB;KEY;CZR;PFG;PWR;NDSN;CHTR;RJF;ON;PAYC;PTC;LRCX;FITB;NTAP;MCHP;ALGN;STLD;TTWO;PKG;JPM;BBY;PRU;JBL;CPRT;DVN;APO;MKTX;HII;GS,
2017-05-31,NVDA;AMD;MU;STX;WDC;ANET;AMAT;TPL;LRCX;GEN;CSX;IDXX;TER;TTWO;ALGN;NTAP;DHR;JBL;WMB;MTCH;NFLX;TMUS;INCY;APO;URI;BBY;NDSN;CFG;MS;ALB;BAC;HPQ;AAPL;UAL;GLW;MCHP;AVGO;CHTR;PAYC;CDW;DPZ;PFG;MKTX;TRGP;PKG;HPE;OKE;ADSK;SWKS;KEY,
2017-06-30,NVDA;AMD;XYZ;MU;CSX;ANET;TTWO;ZBRA;WDC;AMAT;LRCX;ADSK;IDXX;STX;BBY;ALGN;UAL;DHR;TER;DPZ;APO;GEN;TPL;AVGO;MCHP;PAYC;SWKS;NFLX;MAR;AAPL;PTC;NTAP;ON;JBL;MS;MTD;TMUS;LDOS;TSLA;CHTR;BA;PKG;HLT;URI;ROL;DE;BAC;NSC;PFG;INCY,
2017-07-31,NVDA;XYZ;AMD;ANET;MU;CSX;ZBRA;TTWO;WDC;BBY;APO;ALGN;ADSK;BAC;UAL;CFG;RF;MS;TPL;AMAT;IDXX;KEY;DHR;SCHW;PKG;LRCX;TSLA;PODD;STT;STX;URI;NTAP;RCL;RJF;NFLX;DPZ;MTD;PFG;JBL;LUV;C;NOW;ON;PAYC;ODFL;CDW;INCY;BA;KKR;PNC,
2017-08-31,NVDA;XYZ;TPL;TTWO;AMD;MU;ANET;WDC;NFLX;BA;ADSK;ALGN;BBY;RCL;CSX;APO;TER;ZBRA;NRG;BAC;MS;DE;RF;NTAP;LRCX;AMAT;LDOS;CHTR;NVR;AMP;PYPL;SWKS;CFG;ROL;PNC;LUV;C;KEY;AVGO;JBL;TSLA;ON;VRTX;RJF;PKG;ADBE;SCHW;ELV;UAL;URI,
2017-09-29,NVDA;TPL;TTWO;ANET;XYZ;NRG;WDC;MU;BA;ALGN;CSX;LRCX;NFLX;RCL;AMD;APO;TER;VRTX;ADSK;INCY;TSLA;DELL;PYPL;NCLH;CZR;NVR;NOW;ELV;WYNN;ROL;ON;AAPL;CHTR;CDNS;AMAT;ADBE;BAC;MTD;JBL;EA;LYV;CCL;CBOE;UNH;CAT;MAR;LDOS;ZBRA;ALB;PKG,
2017-10-31,NVDA;XYZ;NRG;TTD;MU;TTWO;ANET;ALGN;BA;LRCX;AMD;CZR;URI;APO;TER;NVR;VRTX;AMAT;NFLX;CSX;TPL;BAC;CBOE;MAR;ALB;DELL;TSLA;RCL;PGR;ROL;C;ELV;ADSK;ZBRA;ODFL;PYPL;BLDR;CDNS;MS;KEY;RF;ON;LYV;PNC;DE;CNC;ROK;HII;BBY;MTD,
2017-11-30,XYZ;NVDA;ALGN;MU;TTD;TTWO;NRG;ANET;CZR;NVR;LRCX;URI;AMAT;APO;BA;BLDR;TER;AMP;VRTX;ELV;ON;CBOE;MAR;ADSK;PYPL;ALB;MTD;CDNS;ZBRA;CAT;CI;DELL;ABBV;ISRG;TSLA;BAC;CSX;ROK;SHW;PHM;ADBE;ODFL;RCL;TDY;NFLX;CSGP;WDC;PODD;CF;MPWR,
2017-12-29,XYZ;ALGN;ENPH;ANET;NRG;TTWO;CZR;NVDA;NVR;MU;PODD;FSLR;PYPL;BA;ISRG;DHI;TTD;BLDR;LRCX;PHM;PAYC;CBOE;CNC;VRTX;ADBE;APO;SBAC;ON;ELV;TER;CDNS;AVGO;APTV;AMAT;MSCI;LW;ABBV;LYV;MTCH;MAR;TSLA;EL;PGR;AVY;NFLX;CSGP;A;CSX;VST;AAPL,
2018-01-31,XYZ;ENPH;ANET;NRG;ALGN;TTWO;FSLR;NVR;VRTX;BLDR;MU;BA;WYNN;MTCH;DHI;NVDA;PYPL;CZR;APO;PHM;PODD;CNC;LRCX;ISRG;NOW;PAYC;TER;CAT;TKO;ADBE;ON;EL;EPAM;CBOE;AVY;TTD;CDNS;BBY;AMAT;URI;MSCI;MAR;ABBV;NFLX;NTAP;LYV;ELV;CSX;PGR;AMZN,
2018-02-28,XYZ;ALGN;ANET;NVDA;TTWO;FSLR;CZR;PYPL;BA;MTCH;ABBV;BLDR;NFLX;VRTX;PAYC;PODD;ISRG;TKO;EPAM;APO;ON;BBY;MAR;CAT;CNC;AMZN;CBOE;ADBE;MU;CSGP;EL;NVR;TROW;WYNN;TPL;CDNS;MSCI;LRCX;NTAP;WMT;ODFL;APTV;AVY;TTD;SBAC;MOH;NOW;HPQ;TER;NRG,
2018-03-29,XYZ;MTCH;ALGN;NVDA;ANET;ENPH;NFLX;CZR;BA;MU;ABBV;PYPL;TKO;VRTX;BBY;TTWO;NOW;^VIX;FSLR;PAYC;DECK;AMZN;TPL;ADBE;EL;ISRG;CSGP;GDDY;WYNN;LRCX;NRG;PODD;MAR;CAT;AMAT;TROW;ON;TER;MA;ZBRA;AXON;CPRT;MSCI;EPAM;PANW;ZTS;XYL;APO;MCO;PGR,
2018-04-30,ENPH;XYZ;MTCH;FSLR;ALGN;^VIX;NVDA;PODD;ANET;NFLX;NOW;BA;TPL;PAYC;EL;MU;PYPL;MOH;LULU;AXON;CSGP;CZR;NRG;ODFL;ADBE;TTWO;BR;WYNN;CPRT;GDDY;PANW;CAT;TKO;TROW;ISRG;AMZN;PGR;ZBRA;MA;ZTS;SW;MSCI;XYL;LRCX;IEX;ON;WDAY;TDG;INTU;BF-B,
2018-05-31,ENPH;XYZ;FSLR;NVDA;CZR;TPL;NFLX;PODD;NRG;TKO;LULU;ANET;ALGN;BA;VLO;MTCH;PANW;NOW;PAYC;NTAP;AXON;CPRT;AMZN;MU;GDDY;ADBE;TTWO;ISRG;ON;TROW;MA;VST;SW;LW;BR;ABBV;DECK;WYNN;CF;EL;PGR;PTC;CPAY;MPC;ODFL;GWW;BBY;^VIX;CSGP;MSCI,
2018-06-29,ENPH;TKO;AXON;TPL;XYZ;LULU;ALGN;PODD;NFLX;MTCH;CZR;VLO;NRG;RL;BA;MU;GWW;NVDA;NTAP;ADBE;ODFL;GDDY;ANET;TROW;CPRT;FSLR;NOW;ON;AMZN;VST;INTC;DECK;PSX;MA;MSCI;EL;MPC;FTNT;TTD;AKAM;PAYC;PYPL;ISRG;CNC;COP;CF;TDY;KEYS;BR;JBHT,
2018-07-31,ENPH;TKO;XYZ;NFLX;AXON;TPL;MTCH;ALGN;LULU;NTAP;CZR;TTD;MU;NRG;CPRT;AMZN;ANET;RL;GWW;BA;ADBE;GDDY;FTNT;PTC;NVDA;DECK;VLO;PODD;NOW;MSCI;MA;TTWO;CRM;ON;TROW;CF;COP;CSGP;ODFL;STX;TDY;LW;ISRG;PANW;PYPL;INTU;BR;CNC;KEYS;INTC,
2018-08-31,ENPH;TKO;AXON;XYZ;TPL;CZR;ALGN;LULU;GWW;MOH;FTNT;MTCH;NTAP;NFLX;PAYC;MU;CPRT;AMZN;ANET;DECK;GDDY;RL;VLO;DXCM;PODD;ADBE;PTC;STX;LW;NOW;ISRG;KDP;HCA;CF;ROST;CNC;COP;TTD;IDXX;PANW;CRM;CTAS;MA;AKAM;WAB;ODFL;TDY;NSC;CSGP;BR,
2018-09-28,ENPH;TKO;XYZ;AXON;TTD;LULU;MTCH;NTAP;GWW;ALGN;MOH;FTNT;CZR;NFLX;TPL;PAYC;AMZN;CPRT;AMD;DXCM;DECK;CF;GDDY;EPAM;VLO;PODD;STX;BR;PTC;NOW;ADBE;PANW;COP;HCA;CNC;DPZ;POOL;NVDA;ANET;ISRG;ZBRA;MU;TGT;ORLY;IDXX;ROST;FICO;MPC;CTAS;AKAM,
2018-10-31,TKO;XYZ;ENPH;AXON;DXCM;LULU;FTNT;MTCH;TTD;TPL;MOH;AMD;NFLX;AMZN;ALGN;GWW;PAYC;NTAP;GDDY;CZR;PTC;ADBE;PODD;HCA;CRM;NOW;TECH;INTU;KDP;COP;NKE;BR;CF;ORLY;DECK;NVDA;VLO;FFIV;MSFT;FICO;MPC;MA;ISRG;BA;KEYS;JKHY;LW;IDXX;WBD;MOS,
2018-11-30,ENPH;DXCM;TKO;AXON;LULU;FTNT;XYZ;MTCH;KDP;TTD;DECK;^VIX;AMD;MOH;NTAP;HCA;CMG;WBD;TPL;PAYC;TJX;NFLX;GDDY;TSCO;ROST;ORLY;PODD;LW;DPZ;AMZN;RL;UAL;NRG;GWW;EW;ZBRA;FFIV;TGT;MKC;CZR;NOW;ZTS;AES;PGR;BA;KR;CHD;COST;MOS;HRL,
2018-12-31,TTD;TKO;DXCM;AMD;LULU;KDP;ENPH;HCA;XYZ;MOH;FTNT;AXON;^VIX;DECK;WBD;ZBRA;PAYC;CMG;DPZ;NFLX;UAL;AES;ORLY;CZR;TPL;MOS;MKC;NOW;GWW;MRK;AMZN;LW;MSI;CNC;CHD;KEYS;BSX;MTCH;LLY;ADBE;PTC;EW;ROL;TSCO;NRG;INTU;VRSN;WDAY;DELL;CDW,
2019-01-31,TTD;TKO;^VIX;ENPH;DXCM;AMD;AXON;XYZ;KDP;DECK;FTNT;WDAY;LULU;CMG;ZBRA;PAYC;KEYS;MOH;MTCH;ORLY;HCA;NFLX;LLY;BSX;MRK;NOW;AES;MKC;PTC;NRG;RMD;CRM;EW;LW;AMZN;CHD;CME;DPZ;MSI;VRSN;ADBE;TPL;ISRG;PANW;MA;FE;GDDY;UAL;INTU;ABT,
2019-02-28,ENPH;TTD;DXCM;TKO;LULU;AXON;AMD;FTNT;CMG;XYZ;PAYC;MTCH;KEYS;NRG;VRSN;WDAY;MOH;HCA;DECK;AES;KDP;CZR;ZBRA;BALL;LLY;DOC;WELL;PANW;O;UAL;EW;BSX;NOW;CRM;CHD;DPZ;PGR;INTU;^VIX;VST;TPL;ERIE;ORLY;ULTA;EXC;FE;ADSK;AEE;UDR;LW,
2019-03-29,TTD;ENPH;DXCM;TKO;AMD;CMG;MOH;LULU;PAYC;KEYS;FTNT;LLY;XYZ;AES;NRG;ERIE;DECK;AXON;VRSN;MRK;ULTA;ORLY;TDG;INTU;NOW;CDNS;BSX;WDAY;DOC;WELL;TSCO;FICO;GRMN;O;ZBRA;MTCH;IQV;EPAM;PANW;CRM;KDP;HCA;TPL;CZR;TECH;VST;AZO;BALL;CSGP;MSI,
2019-04-30,TTD;AMD;TKO;CMG;ENPH;LULU;MOH;PAYC;CDNS;ULTA;LLY;KEYS;AES;DECK;FICO;TPL;FTNT;AZO;ORLY;MRK;ERIE;TSCO;VRSN;DXCM;XYZ;INTU;GRMN;LYV;ZBRA;WDAY;TDG;EPAM;WELL;DELL;NOW;BALL;CZR;KDP;IQV;O;ADP;NSC;DRI;CHD;MKC;CDW;DOC;BSX;SNPS;AXON,
2019-05-31,TTD;ENPH;AMD;TKO;PAYC;QCOM;LULU;MTCH;DELL;CDNS;KEYS;DECK;CMG;VRSN;ERIE;AZO;FTNT;DXCM;CHD;LYV;NOW;WDAY;DAY;FICO;AXON;TSCO;BALL;MOH;LLY;KDP;EPAM;TDG;PG;CDW;ZBRA;MSCI;MKC;FAST;TER;ORLY;FDS;PYPL;TT;AMT;WELL;AES;NSC;O;AVGO;MKTX,
2019-06-28,ENPH;TTD;PAYC;AMD;ERIE;MTCH;BALL;MOH;FICO;AZO;LULU;CHD;WDAY;AMT;MKC;CMG;CDNS;VRSN;WELL;HSY;KDP;NOW;CINF;PG;DAY;KEYS;LLY;CHTR;LYV;MSI;DOC;FDS;MKTX;EPAM;DXCM;DECK;GPN;MSCI;AWK;O;MRK;SBAC;ORLY;TSCO;SBUX;IQV;TT;PYPL;DRI;PAYX,
2019-07-31,ENPH;TTD;PAYC;ERIE;AMD;BALL;MTCH;SBUX;WDAY;CDNS;MKTX;CMG;FICO;NOW;AZO;CINF;IQV;BX;DAY;SNPS;VRSN;HWM;KDP;KEYS;DECK;DXCM;APD;HSY;MSCI;FDS;ZBRA;PG;MTD;MSI;DHR;TSCO;ULTA;TMO;AMT;STE;GPN;PGR;TECH;WM;LULU;MRK;AON;YUM;ALLE;MOH,
2019-08-30,ENPH;TTD;MTCH;BALL;SBUX;PAYC;ERIE;CMG;MKTX;FICO;CDNS;HSY;AMD;DAY;AZO;WDAY;SBAC;DXCM;YUM;EW;KEYS;NOW;PG;LULU;AMT;CINF;GPN;PODD;SNPS;LYV;ZBRA;CSGP;MSI;EPAM;BX;TSN;ULTA;VRSN;WRB;WELL;TSCO;APD;FDS;CDW;MCD;DG;ECL;FI;AWK;MKC,
2019-09-30,ENPH;MKTX;BALL;SBUX;ERIE;MTCH;TTD;CMG;SBAC;HSY;PAYC;TDG;AMT;^VIX;FICO;EW;PODD;TSN;DAY;CINF;KEYS;PG;AWK;DG;WEC;CDNS;AZO;CHD;EL;MSI;BX;ZTS;GNRC;ETR;WELL;LYV;WRB;CSGP;SNPS;ECL;YUM;DHR;CPAY;XEL;MCD;APD;EXR;SO;AVGO;VRSK,
2019-10-31,ENPH;MKTX;CMG;BALL;KLAC;TER;^VIX;AMT;PODD;LRCX;SBUX;HSY;CPRT;CINF;SBAC;WELL;PHM;PG;DOC;SO;ETR;DG;CDNS;CSGP;NVR;ERIE;TDG;KEYS;VTR;WEC;BLDR;AWK;O;PAYC;TTD;TSN;MLM;EXR;SNPS;ES;MTCH;GNRC;ACGL;NEE;CDW;DLTR;AZO;WRB;EW;ESS,
2019-11-29,ENPH;LRCX;AMD;GNRC;KLAC;TER;BLDR;KEYS;TDG;TTD;BX;MKTX;AMAT;CPRT;PODD;CMG;EW;MSCI;PAYC;NVR;CDW;FICO;PHM;SMCI;MLM;MAS;CPAY;MCO;STX;CSGP;BALL;EPAM;SNPS;MTCH;EQIX;TDY;AZO;GRMN;GPN;CTAS;NXPI;ETR;JBL;ACGL;SHW;SBAC;MA;MCHP;CHTR;CINF,
2019-12-31,ENPH;PODD;PAYC;FICO;BLDR;MKTX;AMD;TGT;TER;LRCX;LULU;MTCH;DXCM;GNRC;KLAC;CPRT;CMG;KEYS;AXON;MSCI;BX;CSGP;EPAM;TTD;CPAY;GPN;TDG;APO;TSN;AMAT;JBL;NOW;TDY;CDNS;NVR;TYL;SNPS;GRMN;DAY;AAPL;EW;DHI;PHM;MAS;APD;SMCI;QCOM;LDOS;STX;GE,
2020-01-31,ENPH;AMD;TTD;PODD;PAYC;TER;BLDR;LRCX;DAY;FICO;KLAC;APO;GNRC;MTCH;CPRT;TGT;BX;CMG;AAPL;LDOS;DXCM;LULU;EPAM;AMAT;IR;TDG;CSGP;CDW;MSCI;MKTX;SWKS;GPN;WDC;NVDA;TDY;MCO;NXPI;TSN;JBL;HWM;CHTR;SNPS;AXON;KEYS;MU;EQIX;TYL;BBY;DOV;ZBRA,
2020-02-28,ENPH;PODD;PAYC;AMD;TSLA;CPRT;GNRC;BLDR;AAPL;TTD;BX;SMCI;TDG;FICO;TER;LRCX;DAY;MSCI;QCOM;NVDA;LDOS;APO;RMD;GPN;NOW;CSGP;MKTX;BRO;MCO;CHTR;PHM;TYL;TDY;KMX;KLAC;DXCM;CMG;MSFT;EPAM;LULU;HWM;TGT;SNPS;ZTS;CDW;DHI;EQIX;SWKS;SPGI;MA,
2020-03-31,ENPH;TSLA;^VIX;GNRC;AMD;DXCM;PODD;LDOS;BX;NVDA;LRCX;AAPL;MSCI;RMD;BLDR;TYL;PAYC;SBAC;HWM;APO;PHM;GEN;LULU;AXON;QCOM;AMAT;BRO;NEM;FICO;TDY;TGT;MKTX;MSFT;MCO;CSGP;WST;EQIX;TTD;DAY;TER;NVR;CPRT;NEE;KMX;ZTS;GPN;TDG;CHTR;HSY;SPGI,
2020-04-30,^VIX;ENPH;DXCM;TSLA;PODD;AMD;GNRC;MRNA;GEN;TYL;LDOS;DPZ;RMD;WST;MKTX;NEM;MSCI;NVDA;DVA;EQIX;KR;DG;SBAC;MSFT;CPB;AKAM;AAPL;BIIB;COR;TER;ODFL;LRCX;TGT;GLD;BX;CHTR;TMUS;BMY;VRTX;COST;WMT;REGN;TTWO;AXON;NEE;POOL;FTNT;MCK;QCOM;BRO,
2020-05-29,ENPH;TSLA;DXCM;PODD;^VIX;NEM;AMD;GNRC;MRNA;NVDA;MKTX;WST;GEN;HUM;REGN;EQIX;RMD;TGT;MSCI;ODFL;VRTX;SBAC;DG;DVA;MSFT;TYL;AAPL;AMGN;LDOS;BX;BMY;SPGI;DPZ;CPB;GILD;CNC;LLY;CHTR;KLAC;TDY;CCI;TTD;COR;GLD;DLR;APO;MPWR;SNPS;CSGP;FICO,
2020-06-30,TSLA;ENPH;DXCM;MRNA;NVDA;FTNT;GEN;REGN;GNRC;AMD;LULU;ODFL;AAPL;SWKS;MPWR;WST;TYL;DVA;KLAC;MKTX;NEM;APO;PODD;VRTX;TER;CMG;HUM;SNPS;TTD;LRCX;BLDR;NOW;ZBRA;MSFT;PAYC;SPGI;BX;MCO;DAY;TDY;WSM;MSCI;NDSN;ADBE;DG;POOL;CDNS;PYPL;CRL;ROK,
2020-07-31,TSLA;MRNA;DXCM;ENPH;NVDA;^VIX;REGN;TTD;WST;AAPL;TER;LRCX;MPWR;FTNT;GNRC;ODFL;KLAC;PODD;AMD;LULU;DAY;SWKS;TYL;NEM;CRWD;KR;VRTX;RMD;AXON;XYZ;MSFT;PYPL;HUM;MKTX;AMZN;APO;SNPS;LLY;SMCI;CLX;ADBE;CMG;NOW;POOL;DVA;SPGI;EPAM;EQIX;GEN;AMGN,
2020-08-31,TSLA;MRNA;DXCM;NVDA;AMD;GNRC;AAPL;REGN;ENPH;WST;XYZ;LRCX;SWKS;NEM;MPWR;PYPL;LULU;GEN;TTD;SMCI;POOL;AMZN;MSCI;TER;PODD;APO;NOW;ODFL;FAST;ROL;ADSK;KR;TGT;FTNT;MSFT;DPZ;KLAC;QCOM;CDNS;SNPS;VRTX;RMD;NFLX;DAY;CRL;EPAM;ABBV;LEN;LOW;CHTR,
2020-09-30,TSLA;MRNA;NVDA;AMD;ENPH;XYZ;AAPL;GNRC;DXCM;LULU;TTD;REGN;SWKS;PYPL;AMZN;WST;ODFL;NFLX;NOW;MPWR;ADBE;BBY;CRM;GEN;DPZ;FCX;ADSK;EPAM;ALGN;CRWD;POOL;ROL;MSFT;FAST;NEM;QCOM;CDNS;FTNT;URI;CMG;CRL;ALB;TER;BLDR;MSCI;LRCX;META;SNPS;ROK;PWR,
2020-10-30,TSLA;MRNA;ENPH;DDOG;TTD;NVDA;AMD;XYZ;GNRC;DXCM;CRWD;AAPL;REGN;WST;SWKS;NOW;PYPL;NFLX;FDX;FCX;AMZN;MPWR;DPZ;EPAM;CRL;DAY;BBY;ADBE;LULU;MOH;ODFL;ALGN;CRM;AXON;BLDR;NEM;POOL;DECK;HUM;ROL;CDNS;MSCI;LOW;URI;PAYC;QCOM;SNPS;ADSK;GEN;TMO,
2020-11-30,TSLA;ENPH;MRNA;^VIX;TTD;DDOG;XYZ;NVDA;CRWD;AMD;GNRC;MPWR;DXCM;NOW;AXON;WST;PYPL;DAY;REGN;FCX;AAPL;EPAM;CRL;FDX;PAYC;AMZN;POOL;ALGN;FSLR;CDNS;DHR;DECK;NFLX;ADBE;NEM;MTCH;ADSK;BBY;GEN;MOH;QCOM;SWKS;SNPS;ODFL;TMO;ALB;LULU;PCG;CMG;ROL,
2020-12-31,TSLA;MRNA;ENPH;TTD;XYZ;NVDA;DDOG;CRWD;AMD;FCX;ALB;GNRC;MPWR;MTCH;PYPL;FDX;QCOM;AAPL;LRCX;NOW;WST;IDXX;TER;UBER;ALGN;AMZN;CDNS;EQT;TMUS;ODFL;PWR;DECK;AXON;WSM;POOL;LULU;KLAC;FSLR;SNPS;MSCI;NFLX;CRL;DE;MTD;CMG;ADBE;CTVA;ADSK;EPAM;ROL,
2021-01-29,TSLA;ENPH;MRNA;CRWD;XYZ;TTD;DDOG;GNRC;NVDA;PYPL;ALB;MPWR;FCX;AMD;CDNS;NOW;IDXX;ALGN;WST;MTCH;SNPS;AAPL;FSLR;UBER;AMZN;TER;PWR;ROL;FDX;POOL;QCOM;MSCI;TMUS;DECK;PAYC;AXON;EPAM;TTWO;LRCX;BLDR;DXCM;^VIX;CMG;ADSK;CRL;NFLX;PTC;TRMB;DE;DAY,
2021-02-26,MRNA;TSLA;ENPH;CRWD;XYZ;TTD;EQT;FCX;GNRC;DDOG;NVDA;ALB;MPWR;FSLR;AXON;ALGN;PYPL;WST;WSM;DE;^VIX;AMD;CDNS;PWR;QCOM;NOW;MTCH;AMZN;LRCX;KLAC;SNPS;TER;IDXX;AMAT;AAPL;MOH;CMG;URI;FDX;PTC;EBAY;CRL;DECK;TGT;POOL;FFIV;TSCO;TMUS;TTWO;ZBRA,
2021-03-31,MRNA;TSLA;CRWD;FCX;PSKY;ENPH;EQT;XYZ;GNRC;TTD;ALGN;WBD;ZBRA;PYPL;CZR;URI;MTCH;DE;MPWR;ON;WSM;PWR;TER;DDOG;NWSA;CDNS;AMAT;KLAC;DELL;AXON;IDXX;FDX;EMN;NWS;APTV;NVDA;LRCX;CMG;MS;PTC;PANW;MOS;TECH;TRMB;DECK;BLDR;UPS;ALB;TPR;TPL,
2021-04-30,CZR;TSLA;TRGP;ENPH;FCX;WSM;XYZ;APA;MRNA;TPL;BLDR;GNRC;ON;TTD;TPR;DVN;PSKY;ALGN;URI;CRWD;IVZ;EXPE;MGM;RCL;HAL;FANG;AMAT;DRI;MOS;APTV;CCL;NWSA;OKE;LEN;GM;SYF;MHK;FITB;COF;PWR;NCLH;LRCX;MPC;NWS;DE;DHI;NXPI;CARR;ALB;ZBRA,
2021-05-28,CZR;TSLA;FCX;MRNA;XYZ;GNRC;IVZ;TPR;MOS;CRWD;ENPH;WSM;ALB;ALGN;TPL;TRGP;AMAT;NWSA;PWR;BLDR;DE;GM;TTD;CARR;URI;EXPE;LRCX;HWM;PSKY;TXT;ON;MGM;NWS;TRMB;MHK;COF;FDX;AMP;DELL;STLD;SYF;CRL;KKR;HPQ;DECK;FITB;F;UPS;BG;JCI,
2021-06-30,FCX;IVZ;TSLA;MRNA;CZR;MOS;TPR;GNRC;DVN;HWM;F;AMAT;NUE;XYZ;TPL;ENPH;LRCX;STLD;CRWD;MGM;PWR;URI;DE;COF;FDX;SYF;ON;BG;SPG;ALB;CARR;ALGN;FITB;GM;TXT;UPS;NWSA;TRGP;JCI;MHK;CFG;MS;EXPE;RF;NXPI;CINF;EPAM;TT;WSM;DELL,
2021-07-30,MRNA;ENPH;GNRC;TPR;FCX;TSLA;DVN;TPL;IVZ;COF;MGM;FANG;MOS;CZR;F;NUE;STLD;CRWD;TRGP;PWR;GM;AMAT;SYF;ALB;DE;HWM;SCHW;ALGN;BLDR;URI;NWSA;FITB;CARR;HCA;TXT;TT;NVDA;CRL;ZBRA;APTV;XYZ;TGT;JCI;IT;NWS;BG;SPG;IPG;MHK;EPAM,
2021-08-31,MRNA;TPR;ENPH;FCX;TPL;CZR;DVN;COF;NUE;IVZ;ALB;MHK;GNRC;ALGN;TSLA;STLD;IT;CBRE;MOS;TRGP;MGM;GM;BX;SPG;PWR;AMAT;CRWD;HWM;FTNT;ON;SYF;APTV;URI;GE;AXON;STX;F;CARR;TGT;DE;DECK;FANG;SCHW;IPG;HCA;DRI;MS;OKE;TXT;XYZ,
2021-09-30,MRNA;TPR;DVN;TRGP;TPL;NUE;IVZ;ALB;BX;COF;IT;FTNT;ALGN;STLD;GNRC;ENPH;FCX;AMAT;CZR;IPG;SPG;MHK;WSM;GE;OKE;AXON;SCHW;ON;CRL;GS;CBRE;MS;ZBRA;OXY;SYF;DECK;FANG;NTAP;TECH;WAT;AVY;PWR;AIG;CARR;STX;F;FITB;URI;HCA;EPAM,
2021-10-29,MRNA;DVN;TRGP;FANG;OXY;TPL;OKE;PLTR;ALB;EOG;FTNT;IT;TPR;MPC;APA;IPG;COF;IVZ;BX;COP;NUE;PWR;NTAP;AMAT;MS;MOS;FITB;SPG;GE;FCX;CBRE;CF;F;CZR;ALGN;GNRC;SLB;MGM;AIG;STLD;BKR;URI;TXT;WFC;HAL;HCA;SCHW;TECH;ON;RJF,
2021-11-30,MRNA;DVN;FANG;OXY;TRGP;APA;TSLA;TPL;FTNT;BX;EOG;ALB;IT;COP;PLTR;CZR;SPG;WFC;ENPH;GNRC;MPC;OKE;AMAT;MGM;NUE;F;KIM;KKR;PANW;SLB;MOS;GS;FCX;MS;ON;CRWD;XOM;APO;URI;CF;VLO;HAL;EPAM;LYV;COF;IPG;NTAP;WSM;TECH;REG,
2021-12-31,DVN;FANG;FTNT;BX;NVDA;TRGP;F;ON;MRNA;BLDR;IT;APA;TPL;NUE;ALB;KKR;GNRC;EPAM;TSLA;INTU;EXR;EOG;OXY;COP;ENPH;SPG;IRM;PANW;ANET;DDOG;EFX;STX;ODFL;CPT;OKE;MPWR;LLY;AMAT;MAA;WFC;FITB;WSM;JCI;HPQ;TSCO;DXCM;LOW;PWR;GS;POOL,
2022-01-31,DVN;MRNA;FTNT;F;FANG;NVDA;NUE;BLDR;IT;ON;BX;EXR;TRGP;ANET;SPG;APA;EOG;IRM;STX;CF;COP;EPAM;MAA;KKR;ODFL;AMAT;CPT;DDOG;JCI;AZO;TPL;CBRE;PLD;MOS;EQT;TSCO;STLD;REG;LKQ;INTU;KIM;WSM;KLAC;OXY;PFE;PSA;JBL;LLY;FRT;WST,
2022-02-28,DVN;APA;FANG;COP;EOG;TRGP;NUE;FTNT;BX;IT;OXY;F;WFC;SLB;HAL;XOM;EXR;KKR;NVDA;CF;AZO;SCHW;BLDR;MPC;STX;SPG;STLD;PSA;CVX;CBRE;OKE;CPT;LYV;RJF;FITB;MAA;BAC;PFE;REG;ANET;CVS;AIG;ON;MS;ADM;LKQ;MOS;KEY;AXP;APO,
2022-03-31,DVN;NUE;TRGP;FTNT;CF;BX;NVDA;MOS;APA;STLD;COP;EXE;ANET;BLDR;DDOG;EOG;CPT;PANW;FANG;COST;ON;PSA;KR;EXR;MCK;MAA;AZO;OXY;PLD;EXC;IT;CVX;IRM;CVS;NOC;BRO;HAL;WST;ORLY;FCX;ODFL;HCA;ADM;GEN;STX;OKE;COR;MOH;LOW;F,
2022-04-29,DVN;TRGP;CF;APA;MOS;OXY;EXE;NVDA;COP;PANW;NUE;FTNT;EQT;ANET;BX;HAL;DDOG;BKR;FANG;EOG;STLD;COST;TSLA;KR;CVX;ADM;MCK;IT;MPC;PSA;EXC;LLY;IRM;BRO;ABBV;EXR;CPT;CTRA;XOM;PLD;SLB;FCX;WMB;PWR;ALB;PFE;REGN;OKE;MAA;ON,
2022-05-31,DVN;OXY;TRGP;EQT;APA;CF;COP;EXE;CTRA;MOS;NUE;^VIX;HAL;PANW;EOG;MPC;MCK;CVX;LLY;VLO;XOM;FANG;VST;EXC;ANET;STLD;DDOG;ON;WMB;IT;BKR;KR;FTNT;ADM;SLB;DLTR;COST;BG;AZO;PLD;ABBV;REGN;IRM;HSY;PSA;PAYX;TSLA;NVDA;AVGO;ELV,
2022-06-30,DVN;OXY;EQT;CTRA;APA;COP;EXE;TRGP;FANG;CF;EOG;HAL;CVX;MPC;MCK;XOM;VLO;DLTR;VST;MOS;LLY;EXC;ON;BLDR;^VIX;BKR;WMB;AZO;NRG;SMCI;ALB;WRB;PANW;PFE;HPQ;CTVA;KR;ABBV;COR;STLD;SLB;FTNT;ED;BG;MPWR;ENPH;OKE;CNP;BX;MRK,
2022-07-29,DVN;OXY;^VIX;MCK;CF;EXE;APA;CTRA;DLTR;EQT;COP;MOS;EXC;CVX;AZO;EOG;LLY;XOM;VLO;ABBV;WRB;MPC;VRTX;PWR;PFE;ED;HAL;TRGP;FANG;NOC;PANW;ON;ADM;UNH;BKR;COR;ELV;GIS;VST;HSY;BLDR;KR;CB;ALB;NI;WMB;CNP;CTVA;SO;COST,
2022-08-31,EQT;OXY;DVN;CF;CTRA;APA;EXE;MPC;MOS;COP;DLTR;VLO;XOM;TRGP;MCK;CVX;FANG;ON;SMCI;EOG;ENPH;PWR;BLDR;TKO;HAL;ADM;VST;VRTX;WMB;ED;EXC;NOC;CNC;MTB;PANW;WRB;GIS;CTVA;EIX;TSLA;UNH;AJG;AZO;HSY;SRE;ANET;SNPS;COST;ABBV;BG,
2022-09-30,OXY;DVN;EQT;CF;CTRA;COP;APA;EOG;EXE;FANG;XOM;MCK;VLO;MPC;CVX;SMCI;MOS;ENPH;^VIX;TRGP;ON;DLTR;ADM;HAL;VRTX;CNC;WMB;CAH;AZO;CI;CTVA;GIS;PWR;PCG;FSLR;TPL;ED;VST;ELV;NOC;MTB;WRB;SLB;CHRW;BG;GPC;GWW;PGR;ANET;PSX,
2022-10-31,OXY;EQT;DVN;ENPH;MCK;APA;EXE;CF;MPC;VRTX;COP;TPL;VLO;XOM;EOG;SMCI;CVX;DLTR;CI;^VIX;ON;LLY;FSLR;CAH;ADM;FANG;CTVA;WRB;NOC;PCG;CTRA;PGR;HSY;GIS;UNH;ANET;MOS;ABBV;STLD;AZO;VST;GWW;HUBB;GPC;REGN;ERIE;HUM;SLB;SRE;CNC,
2022-11-30,OXY;EQT;DVN;SMCI;CF;MCK;MPC;TPL;COP;XOM;VLO;APA;VRTX;EXE;CVX;CAH;EOG;CTVA;^VIX;SLB;ADM;CTRA;NOC;STLD;CI;LW;LMT;FANG;WRB;HAL;PSX;LLY;DLTR;AZO;GPC;PGR;HSY;BMY;PFG;ORLY;CPB;PCG;AMGN;ABBV;GIS;MOS;TMUS;COR;ACGL;HII,
2022-12-30,OXY;EQT;TPL;SMCI;VLO;MPC;EXE;XOM;APA;COP;SLB;CF;HAL;STLD;DVN;EOG;CAH;MCK;LW;FICO;CI;CVX;TKO;FSLR;PSX;VRTX;NOC;ERIE;WRB;MRK;COR;CTRA;BMY;LMT;GPC;LLY;TRGP;ADM;FANG;CTVA;MOS;AMGN;ACGL;NUE;ABBV;SRE;PGR;GIS;GL;TMUS,
2023-01-31,OXY;TPL;XOM;MPC;SMCI;SLB;VLO;APA;HAL;COP;FSLR;EXE;STLD;CVX;EOG;EQT;CAH;DVN;MCK;PSX;MRK;CI;TRGP;NOC;LW;ENPH;ACGL;ADM;LMT;TKO;CTRA;FICO;FANG;CPB;WRB;PCG;LLY;WMB;ERIE;VRTX;GL;GIS;LVS;GPC;HII;DE;PWR;BKR;PGR;AFL,
2023-02-28,FSLR;STLD;TPL;SMCI;MPC;CEG;VLO;ENPH;TKO;NUE;OXY;EQT;XOM;LW;PWR;CAH;FICO;MCK;AXON;SLB;PODD;LLY;ULTA;ACGL;ERIE;COP;DECK;VRTX;CI;TMUS;EXE;LVS;APA;MRK;CTVA;URI;PFG;CVX;ALB;HAL;JBL;AJG;ON;HWM;GPC;WRB;TRGP;IRM;BIIB;DVN,
2023-03-31,FSLR;SMCI;STLD;MPC;VLO;LW;CEG;AXON;DECK;ACGL;TPL;PWR;JBL;URI;GWW;CAH;XOM;SLB;FICO;MRK;PCG;HUBB;GPC;EQT;PGR;TKO;ERIE;GILD;LVS;ULTA;ALB;CAT;EG;AZO;ENPH;NUE;PSX;WYNN;PFG;PCAR;BIIB;APD;CMI;TT;OXY;MCK;LLY;LIN;REGN;ON,
2023-04-28,FSLR;SMCI;LW;MPC;AXON;DECK;VLO;FICO;TKO;JBL;GILD;ACGL;LVS;XOM;CEG;STLD;CAH;MRK;WYNN;PCG;ULTA;GWW;GIS;GPC;ERIE;BIIB;GE;HUBB;PHM;MNST;CPB;CDNS;PSX;PCAR;PGR;PWR;LEN;TJX;PODD;ON;VRTX;TPL;EG;HSY;BLDR;MSI;LKQ;ORLY;SJM;LLY,
2023-05-31,SMCI;FSLR;FICO;AXON;DECK;TKO;LVS;GE;LW;NFLX;ACGL;WYNN;PHM;DHI;SBUX;BLDR;ORLY;NVDA;ON;LEN;BIIB;CAH;HUBB;PWR;ERIE;EG;GILD;CMG;LLY;GWW;MSI;CPRT;CDNS;AZO;MPC;TT;MRK;BA;PCAR;PCG;JBL;LII;NVR;GPC;MNST;XOM;ULTA;TDG;HWM;HCA,
2023-06-30,SMCI;FSLR;NVDA;NFLX;FICO;AXON;BLDR;DECK;GE;LW;PLTR;UBER;ANET;DXCM;BA;LVS;HUBB;CPRT;CAH;BIIB;CDNS;PHM;TKO;ORCL;CMG;PWR;JBL;ACGL;WYNN;DHI;ON;CEG;RCL;SNPS;LLY;META;TTD;AVGO;ORLY;LII;WDAY;LEN;ISRG;GWW;PCG;DRI;ROK;MNST;CRM;TDG,
2023-07-31,SMCI;RCL;FSLR;NVDA;BLDR;NFLX;GE;CCL;JBL;AXON;DECK;FICO;UBER;PHM;NCLH;HUBB;DHI;URI;ON;LEN;WYNN;CAH;AVGO;TTD;TKO;GWW;ORCL;META;TDG;HCA;PCG;LVS;ANET;DXCM;ROK;ISRG;ACGL;CPRT;PLTR;CMG;STLD;PWR;LII;CEG;LW;ETN;PH;DAL;NVR;HWM,
2023-08-31,SMCI;RCL;NVDA;BLDR;PHM;FSLR;META;NFLX;GE;CCL;JBL;FICO;DECK;ACGL;TTD;AVGO;PLTR;DHI;WYNN;CAH;SLB;LII;PCG;UBER;CAT;AXON;ON;APO;CEG;ORCL;LVS;LEN;ANET;ETN;TKO;MPC;URI;FCX;PH;EG;WDAY;PWR;PCAR;NVR;TDG;HUBB;PNR;NCLH;CARR;BKNG,
2023-09-29,SMCI;NVDA;BLDR;RCL;PHM;FICO;NFLX;GE;PLTR;JBL;META;AVGO;LLY;AXON;WYNN;ETN;ACGL;DHI;BKNG;ORCL;UBER;URI;AMAT;DECK;APO;CCL;ANET;LRCX;HUBB;LII;PNR;PH;ODFL;SLB;FSLR;CAT;NVR;LEN;ISRG;LVS;TJX;ALGN;PWR;CPRT;ADBE;TDG;WDAY;CARR;BKR;IDXX,
2023-10-31,SMCI;NVDA;RCL;GE;JBL;META;DELL;FICO;BLDR;APO;PHM;AVGO;ADBE;PLTR;BKNG;CCL;FDX;ORCL;ACGL;LRCX;BKR;AMAT;UBER;CAT;SLB;AXON;LII;HAL;LLY;ANET;DECK;ODFL;PH;CPRT;NFLX;ETN;URI;PNR;AMD;VST;PCAR;DASH;BA;TDG;DHI;CMCSA;ISRG;CARR;STLD;MPC,
2023-11-30,SMCI;META;NVDA;PHM;JBL;BLDR;AVGO;DELL;FICO;AMD;GE;ANET;DASH;ADBE;DECK;PLTR;LII;UBER;SNPS;CDNS;RCL;ACGL;FDX;LLY;APO;AMAT;KLAC;CPRT;VST;LRCX;MSFT;STX;BKNG;ETN;WELL;NFLX;TDG;DHI;ODFL;PANW;AXON;NOW;WST;MPC;LEN;PNR;ORCL;WYNN;TT;WDAY,
2023-12-29,NVDA;SMCI;META;COIN;PLTR;BLDR;UBER;PHM;WDAY;ADBE;FICO;GE;AVGO;DELL;RCL;DASH;PANW;NOW;CRWD;DECK;NFLX;JBL;SNPS;CDNS;WSM;CRM;AMD;ANET;LRCX;LLY;TDG;DDOG;STX;MSFT;LII;INTC;AMZN;WST;TTWO;MPWR;CPRT;BKNG;CCL;DHI;KKR;INTU;VST;LEN;CBOE;PH,
2024-01-31,COIN;SMCI;NVDA;META;PLTR;BLDR;RCL;CRWD;UBER;PHM;CCL;AMD;PANW;TSLA;AVGO;DASH;DELL;CRM;GE;ANET;FICO;JBL;INTC;LII;LRCX;WSM;AMZN;BX;NOW;KKR;BKNG;MPWR;ADBE;EXPE;DHI;DECK;NRG;LEN;MU;TDG;LLY;VST;STX;CDNS;URI;WDC;NFLX;AMAT;WDAY;CMG,
2024-02-29,SMCI;NVDA;CRWD;META;AMD;COIN;BLDR;UBER;PLTR;PANW;DELL;ANET;AVGO;PHM;RCL;LLY;VST;FICO;DASH;DECK;LII;LRCX;NOW;CRM;ADBE;DDOG;NRG;MSFT;WDAY;GE;JBL;KKR;TDG;NFLX;CDNS;INTC;GWW;ISRG;CCL;ETN;KLAC;AMZN;AMAT;LEN;WSM;INTU;SNPS;DHI;CBOE;LULU,
2024-03-28,SMCI;NVDA;PLTR;COIN;META;CRWD;VST;AMD;LLY;UBER;DELL;BLDR;DASH;CEG;AVGO;DECK;ANET;PHM;LRCX;WSM;CRM;AMZN;FICO;LII;NFLX;GE;KLAC;CMG;NOW;KKR;ERIE;NRG;INTC;AMAT;RCL;JBL;ADBE;DDOG;ETN;ISRG;MSFT;LEN;PANW;TDG;NWS;INTU;DHI;MLM;RL;APO,
2024-04-30,SMCI;COIN;NVDA;VST;DELL;PLTR;WSM;CEG;UBER;CRWD;META;BLDR;LLY;DASH;AVGO;NRG;RCL;PHM;DECK;LII;MU;KKR;ETN;WDC;LRCX;APO;DDOG;AMD;GE;URI;NFLX;ERIE;FICO;ANET;KLAC;AMZN;PCAR;PSX;HUBB;CMG;MLM;NOW;NTAP;AMAT;DVA;TDG;CAT;PH;TT;DHI,
2024-05-31,SMCI;COIN;VST;NVDA;PLTR;DELL;CRWD;WSM;CEG;NRG;WDC;AVGO;RCL;GE;BLDR;DDOG;ANET;KKR;URI;LLY;UBER;APO;DASH;ETN;META;MU;KLAC;LDOS;AMZN;AMAT;NFLX;PHM;GRMN;HWM;ERIE;DECK;LRCX;TDG;TT;WAB;SYF;NTAP;PANW;DPZ;GDDY;PH;KEY;PGR;LII;IR,
2024-06-28,VST;COIN;DELL;SMCI;NVDA;CEG;NRG;WSM;DECK;KKR;GE;CRWD;TT;HWM;URI;LLY;GDDY;WDC;ETN;LDOS;RCL;QCOM;WAB;META;APO;LII;MU;DPZ;TDG;PHM;APH;TRGP;ANET;RL;AVGO;NTAP;ERIE;UBER;DASH;KLAC;COST;FICO;NFLX;CAT;MPC;PGR;PH;FANG;AMAT;STX,
2024-07-31,VST;SMCI;COIN;NVDA;DELL;CRWD;WSM;CEG;ANET;NRG;MU;WDC;LLY;AVGO;KKR;GDDY;FICO;GE;DECK;META;ERIE;TRGP;KLAC;NTAP;STX;TT;QCOM;TPL;LRCX;PLTR;AMAT;LDOS;KEY;LII;IRM;FANG;COST;UBER;PGR;APH;APO;GRMN;HWM;ETN;GOOGL;MPWR;GOOG;NFLX;AMZN;MPC,
2024-08-30,VST;NVDA;COIN;WSM;GDDY;DELL;SMCI;FICO;NRG;HWM;KKR;GE;ANET;IRM;LLY;CEG;PGR;ERIE;ALL;TRGP;AXON;AVGO;TPL;DECK;GRMN;TT;UHS;META;NTAP;PHM;HIG;COST;MCK;CTAS;MPWR;STX;AMGN;LDOS;TYL;REGN;BSX;LII;FITB;^VIX;MMM;URI;MSI;T;BK;BRO,
2024-09-30,VST;NVDA;NRG;GDDY;COIN;DELL;KKR;HWM;PLTR;FICO;GE;WSM;PGR;ANET;CEG;CRWD;AVGO;IRM;DECK;ERIE;MPWR;TT;UHS;GRMN;META;ALL;LLY;TRGP;AXON;COST;FITB;RCL;KLAC;HIG;LDOS;AXP;PHM;SMCI;KEY;CFG;NFLX;NTAP;MMM;CTAS;PNC;DHI;GS;SYF;LII;BK,
2024-10-31,VST;NVDA;CEG;PLTR;NRG;FICO;COIN;KKR;HWM;AXON;GE;AVGO;IRM;ANET;GDDY;MPWR;WSM;PHM;RCL;TT;MHK;META;TRGP;MMM;AXP;NFLX;URI;DHI;ERIE;DECK;DASH;PGR;FITB;TDG;LDOS;RTX;BK;PWR;CRWD;DELL;LEN;SYF;ALL;RL;WAB;UHS;KLAC;KEY;CBRE;SPG,
2024-11-29,VST;NVDA;PLTR;KKR;RCL;FICO;CEG;COIN;GDDY;HWM;UAL;NRG;IRM;DASH;AXON;AVGO;TRGP;URI;SYF;GE;GRMN;GNRC;TT;TPL;ANET;ISRG;CCL;FITB;META;CBRE;APO;CFG;DELL;AXP;FIS;LDOS;NCLH;BX;DAL;GLW;NFLX;BK;ZBRA;GM;WSM;DVA;PWR;XYZ;RL;MTB,
2024-12-30,VST;PLTR;TPL;NVDA;AXON;UAL;TRGP;COIN;RCL;HWM;NRG;SYF;FICO;KKR;CEG;TPR;GDDY;IRM;GE;APO;DASH;TT;WSM;PWR;NFLX;ANET;CFG;AXP;URI;TTD;GS;RL;NCLH;WMT;DECK;GRMN;MTB;WFC;GM;TKO;GLW;FTNT;COF;BK;OKE;CBRE;DAL;BX;FITB;WAB,
